,id,terrestrial_date,sol,ls,month,min_temp,pressure
1,2,0,10,155,6,-75.0,739.0
2,13,1,11,156,6,-76.0,740.0
3,24,2,12,156,6,-76.0,741.0
4,35,3,13,157,6,-74.0,732.0
5,46,4,14,157,6,-74.0,740.0
6,57,5,15,158,6,-78.0,740.0
7,68,6,16,158,6,-77.0,740.0
8,79,7,17,159,6,-76.0,742.0
9,112,11,21,161,6,-74.0,741.0
10,114,12,22,162,6,-74.0,742.0
11,123,13,23,162,6,-75.0,741.0
12,134,14,24,163,6,-75.0,742.0
13,145,15,25,163,6,-75.0,743.0
14,156,16,26,164,6,-76.0,745.0
15,163,17,27,164,6,-75.0,743.0
16,170,18,28,165,6,-75.0,745.0
17,171,19,29,166,6,-75.0,747.0
18,172,20,30,166,6,-74.0,747.0
19,173,21,31,167,6,-74.0,745.0
20,175,23,33,168,6,-73.0,748.0
21,176,25,34,168,6,-73.0,748.0
22,177,26,35,169,6,-73.0,749.0
23,178,27,36,169,6,-73.0,750.0
24,179,28,37,170,6,-73.0,750.0
25,180,29,38,171,6,-73.0,750.0
26,181,30,39,171,6,-75.0,751.0
27,182,31,40,172,6,-75.0,753.0
28,183,32,41,172,6,-75.0,753.0
29,184,33,42,173,6,-75.0,754.0
30,185,34,43,173,6,-74.0,756.0
31,186,35,44,174,6,-75.0,757.0
32,187,36,45,175,6,-74.0,758.0
33,188,37,46,175,6,-74.0,758.0
34,189,38,47,176,6,-75.0,758.0
35,190,39,48,176,6,-75.0,759.0
36,191,40,49,177,6,-74.0,761.0
37,192,41,50,177,6,-72.0,761.0
38,193,42,51,178,6,-76.0,762.0
39,194,43,52,179,6,-74.0,762.0
40,195,44,53,179,6,-71.0,764.0
41,196,45,54,180,7,-72.0,766.0
42,197,46,55,180,7,-74.0,766.0
43,198,47,56,181,7,-73.0,768.0
44,199,48,57,181,7,-73.0,769.0
45,200,49,58,182,7,-74.0,769.0
46,201,50,59,183,7,-76.0,771.0
47,202,51,60,183,7,-75.0,772.0
48,203,52,61,184,7,-72.0,772.0
49,204,53,62,184,7,-72.0,774.0
50,205,54,63,185,7,-73.0,775.0
51,206,55,64,186,7,-74.0,776.0
52,207,56,65,186,7,-72.0,777.0
53,208,57,66,187,7,-73.0,778.0
54,209,58,67,187,7,-73.0,780.0
55,210,59,68,188,7,-71.0,781.0
56,211,60,69,189,7,-73.0,778.0
57,212,62,70,189,7,-72.0,783.0
58,213,63,71,190,7,-71.0,784.0
59,214,64,72,190,7,-73.0,785.0
60,215,65,73,191,7,-70.0,788.0
61,216,66,74,192,7,-72.0,790.0
62,217,67,75,192,7,-73.0,791.0
63,218,68,76,193,7,-73.0,792.0
64,219,69,77,193,7,-71.0,792.0
65,220,70,78,194,7,-71.0,793.0
66,221,71,79,195,7,-73.0,795.0
67,222,72,80,195,7,-70.0,796.0
68,223,73,81,196,7,-72.0,798.0
69,224,74,82,196,7,-72.0,799.0
70,225,75,83,197,7,-72.0,801.0
71,226,76,84,198,7,-70.0,801.0
72,227,77,85,198,7,-71.0,805.0
73,228,78,86,199,7,-71.0,808.0
74,229,79,87,199,7,-70.0,808.0
75,230,80,88,200,7,-70.0,811.0
76,231,81,89,201,7,-73.0,813.0
77,233,82,90,201,7,-71.0,813.0
78,234,83,91,202,7,-74.0,817.0
79,235,84,92,202,7,-74.0,820.0
80,236,85,93,203,7,-72.0,819.0
81,237,86,94,204,7,-70.0,822.0
82,238,87,95,204,7,-68.0,822.0
83,239,88,96,205,7,-71.0,826.0
84,240,89,97,206,7,-68.0,828.0
85,241,90,98,206,7,-68.0,828.0
86,242,91,99,207,7,-68.0,829.0
87,3,92,100,207,7,-66.0,829.0
88,4,93,101,208,7,-65.0,830.0
89,5,94,102,209,7,-67.0,833.0
90,6,95,103,209,7,-66.0,836.0
91,7,96,104,210,8,-67.0,838.0
92,8,97,105,211,8,-66.0,839.0
93,9,99,106,211,8,-66.0,841.0
94,10,100,107,212,8,-66.0,844.0
95,11,101,108,212,8,-65.0,845.0
96,12,102,109,213,8,-64.0,844.0
97,14,103,110,214,8,-65.0,848.0
98,15,104,111,214,8,-66.0,849.0
99,16,105,112,215,8,-65.0,852.0
100,17,106,113,216,8,-66.0,857.0
101,18,107,114,216,8,-69.0,857.0
102,19,108,115,217,8,-66.0,857.0
103,20,109,116,217,8,-67.0,859.0
104,21,110,117,218,8,-66.0,861.0
105,22,111,118,219,8,-65.0,864.0
106,23,112,119,219,8,-66.0,866.0
107,25,113,120,220,8,-67.0,867.0
108,26,114,121,221,8,-66.0,869.0
109,27,115,122,221,8,-65.0,869.0
110,28,116,123,222,8,-66.0,875.0
111,29,117,124,223,8,-66.0,876.0
112,30,118,125,223,8,-68.0,880.0
113,31,119,126,224,8,-66.0,880.0
114,32,120,127,224,8,-67.0,884.0
115,33,121,128,225,8,-67.0,883.0
116,34,122,129,226,8,-65.0,886.0
117,36,123,130,226,8,-65.0,888.0
118,37,124,131,227,8,-65.0,889.0
119,38,125,132,228,8,-65.0,890.0
120,39,126,133,228,8,-65.0,891.0
121,40,127,134,229,8,-67.0,893.0
122,41,128,135,230,8,-65.0,894.0
123,42,129,136,230,8,-65.0,897.0
124,43,130,137,231,8,-64.0,896.0
125,44,131,138,232,8,-65.0,899.0
126,45,132,139,232,8,-66.0,899.0
127,47,133,140,233,8,-66.0,903.0
128,48,134,141,233,8,-64.0,904.0
129,49,135,142,234,8,-65.0,906.0
130,50,137,143,235,8,-63.0,908.0
131,51,138,144,235,8,-64.0,907.0
132,52,139,145,236,8,-64.0,909.0
133,53,140,146,237,8,-65.0,908.0
134,54,141,147,237,8,-65.0,914.0
135,55,142,148,238,8,-65.0,912.0
136,56,143,149,239,8,-65.0,914.0
137,58,144,150,239,8,-64.0,913.0
138,59,145,151,240,9,-65.0,915.0
139,60,146,152,241,9,-63.0,914.0
140,61,147,153,241,9,-65.0,915.0
141,62,148,154,242,9,-65.0,917.0
142,63,149,155,243,9,-64.0,917.0
143,64,150,156,243,9,-65.0,922.0
144,65,151,157,244,9,-64.0,920.0
145,66,152,158,245,9,-66.0,922.0
146,67,153,159,245,9,-65.0,918.0
147,69,154,160,246,9,-67.0,919.0
148,70,155,161,246,9,-65.0,919.0
149,71,156,162,247,9,-65.0,919.0
150,72,157,163,248,9,-65.0,919.0
151,73,158,164,248,9,-64.0,919.0
152,74,159,165,249,9,-65.0,922.0
153,75,160,166,250,9,-65.0,922.0
154,76,161,167,250,9,-65.0,920.0
155,77,162,168,251,9,-66.0,923.0
156,78,163,169,252,9,-66.0,922.0
157,80,164,170,252,9,-66.0,925.0
158,81,165,171,253,9,-67.0,925.0
159,82,166,172,254,9,-67.0,923.0
160,83,167,173,254,9,-67.0,920.0
161,84,168,174,255,9,-67.0,921.0
162,85,169,175,256,9,-68.0,921.0
163,86,170,176,256,9,-67.0,920.0
164,87,171,177,257,9,-66.0,921.0
165,88,172,178,258,9,-66.0,920.0
166,89,174,179,258,9,-66.0,920.0
167,91,175,180,259,9,-67.0,919.0
168,92,176,181,260,9,-67.0,918.0
169,93,177,182,260,9,-67.0,921.0
170,94,178,183,261,9,-67.0,921.0
171,95,179,184,261,9,-67.0,923.0
172,96,180,185,262,9,-67.0,923.0
173,97,181,186,263,9,-66.0,922.0
174,98,182,187,263,9,-67.0,921.0
175,99,183,188,264,9,-68.0,920.0
176,100,184,189,265,9,-68.0,920.0
177,102,185,190,265,9,-66.0,917.0
178,103,186,191,266,9,-67.0,921.0
179,106,191,196,269,9,-66.0,916.0
180,107,192,197,270,10,-68.0,915.0
181,108,193,198,271,10,-67.0,914.0
182,109,194,199,271,10,-66.0,917.0
183,116,219,223,287,10,-71.0,895.0
184,117,220,224,287,10,-69.0,894.0
185,118,221,225,288,10,-71.0,894.0
186,119,222,226,288,10,-70.0,894.0
187,120,223,227,289,10,-70.0,892.0
188,121,224,228,290,10,-71.0,894.0
189,122,225,229,290,10,-69.0,894.0
190,124,226,230,291,10,-69.0,888.0
191,125,227,231,292,10,-71.0,890.0
192,126,228,232,292,10,-69.0,888.0
193,127,229,233,293,10,-69.0,889.0
194,128,230,234,293,10,-69.0,890.0
195,129,231,235,294,10,-70.0,886.0
196,130,232,236,295,10,-72.0,886.0
197,131,233,237,295,10,-71.0,883.0
198,132,234,238,296,10,-70.0,885.0
199,133,235,239,297,10,-73.0,885.0
200,135,236,240,297,10,-70.0,884.0
201,136,237,241,298,10,-72.0,884.0
202,137,238,242,298,10,-70.0,881.0
203,138,239,243,299,10,-71.0,884.0
204,139,240,244,300,11,-69.0,878.0
205,140,241,245,300,11,-70.0,879.0
206,141,242,246,301,11,-73.0,878.0
207,142,243,247,301,11,-71.0,873.0
208,143,244,248,302,11,-70.0,877.0
209,144,245,249,303,11,-69.0,873.0
210,146,246,250,303,11,-70.0,877.0
211,147,247,251,304,11,-71.0,876.0
212,148,249,252,304,11,-71.0,874.0
213,149,250,253,305,11,-71.0,877.0
214,150,251,254,306,11,-70.0,871.0
215,151,252,255,306,11,-69.0,877.0
216,152,253,256,307,11,-70.0,871.0
217,153,254,257,308,11,-70.0,871.0
218,154,255,258,308,11,-71.0,869.0
219,155,256,259,309,11,-72.0,871.0
220,157,257,260,309,11,-70.0,875.0
221,158,258,261,310,11,-70.0,868.0
222,161,265,268,314,11,-70.0,864.0
223,162,266,269,315,11,-72.0,866.0
224,164,267,270,315,11,-67.0,863.0
225,165,268,271,316,11,-69.0,864.0
226,166,269,272,316,11,-71.0,864.0
227,167,270,273,317,11,-70.0,861.0
228,168,271,274,318,11,-70.0,861.0
229,169,272,275,318,11,-67.0,860.0
230,244,273,276,319,11,-69.0,858.0
231,245,274,277,319,11,-69.0,857.0
232,246,275,278,320,11,-67.0,855.0
233,247,276,279,321,11,-68.0,856.0
234,248,277,280,321,11,-69.0,856.0
235,249,278,281,322,11,-68.0,855.0
236,250,279,282,322,11,-72.0,856.0
237,251,280,283,323,11,-68.0,854.0
238,252,281,284,323,11,-71.0,854.0
239,253,282,285,324,11,-70.0,852.0
240,254,283,286,325,11,-71.0,854.0
241,255,284,287,325,11,-72.0,856.0
242,256,286,288,326,11,-69.0,854.0
243,257,287,289,326,11,-71.0,854.0
244,258,288,290,327,11,-71.0,853.0
245,259,289,291,327,11,-70.0,853.0
246,260,290,292,328,11,-71.0,853.0
247,261,291,293,329,11,-72.0,850.0
248,262,292,294,329,11,-72.0,852.0
249,263,293,295,330,12,-71.0,853.0
250,264,294,296,330,12,-71.0,850.0
251,265,295,297,331,12,-72.0,849.0
252,266,296,298,331,12,-72.0,850.0
253,267,297,299,332,12,-71.0,849.0
254,286,298,300,333,12,-72.0,852.0
255,276,299,301,333,12,-73.0,852.0
256,287,300,302,334,12,-71.0,850.0
257,283,301,303,334,12,-71.0,849.0
258,281,302,304,335,12,-70.0,848.0
259,275,303,305,335,12,-71.0,847.0
260,280,304,306,336,12,-71.0,848.0
261,279,305,307,336,12,-72.0,851.0
262,282,306,308,337,12,-73.0,850.0
263,284,307,309,338,12,-72.0,848.0
264,278,308,310,338,12,-71.0,849.0
265,277,309,311,339,12,-74.0,846.0
266,285,310,312,339,12,-71.0,845.0
267,274,311,313,340,12,-77.0,849.0
268,272,312,314,340,12,-73.0,848.0
269,273,313,315,341,12,-74.0,850.0
270,288,314,316,341,12,-74.0,851.0
271,268,315,317,342,12,-72.0,849.0
272,270,316,318,342,12,-74.0,849.0
273,271,317,319,343,12,-73.0,847.0
274,269,318,320,344,12,-74.0,846.0
275,289,319,321,344,12,-75.0,847.0
276,291,320,322,345,12,-74.0,849.0
277,290,321,323,345,12,-74.0,847.0
278,292,322,324,346,12,-75.0,850.0
279,294,324,325,346,12,-74.0,847.0
280,295,325,326,347,12,-72.0,848.0
281,296,326,327,347,12,-74.0,848.0
282,293,327,328,348,12,-75.0,847.0
283,298,328,329,348,12,-74.0,847.0
284,297,329,330,349,12,-75.0,848.0
285,303,330,331,349,12,-74.0,848.0
286,300,331,332,350,12,-76.0,849.0
287,299,332,333,350,12,-75.0,849.0
288,301,333,334,351,12,-74.0,852.0
289,302,334,335,352,12,-76.0,852.0
290,305,335,336,352,12,-76.0,852.0
291,304,336,337,353,12,-75.0,853.0
292,306,337,338,353,12,-78.0,848.0
293,308,338,339,354,12,-76.0,849.0
294,307,339,340,354,12,-76.0,851.0
295,310,340,341,355,12,-77.0,852.0
296,309,341,342,355,12,-76.0,851.0
297,311,342,343,356,12,-77.0,850.0
298,317,343,344,356,12,-77.0,851.0
299,312,344,345,357,12,-77.0,853.0
300,314,345,346,357,12,-76.0,853.0
301,313,346,347,358,12,-77.0,851.0
302,315,347,348,358,12,-74.0,850.0
303,316,348,349,359,12,-75.0,852.0
304,318,349,350,359,12,-76.0,853.0
305,320,350,351,0,1,-75.0,853.0
306,319,351,352,0,1,-77.0,854.0
307,323,352,353,1,1,-75.0,855.0
308,322,353,354,1,1,-75.0,857.0
309,321,354,355,2,1,-75.0,857.0
310,324,355,356,2,1,-77.0,856.0
311,325,356,357,3,1,-76.0,857.0
312,326,366,366,7,1,-76.0,861.0
313,328,367,367,8,1,-76.0,862.0
314,330,368,368,8,1,-77.0,863.0
315,331,369,369,9,1,-75.0,865.0
316,332,370,370,9,1,-79.0,865.0
317,333,371,371,10,1,-77.0,865.0
318,334,372,372,10,1,-76.0,866.0
319,335,373,373,11,1,-79.0,866.0
320,337,374,374,11,1,-79.0,866.0
321,336,375,375,12,1,-77.0,867.0
322,340,376,376,12,1,-78.0,870.0
323,338,377,377,13,1,-78.0,870.0
324,339,378,378,13,1,-78.0,869.0
325,341,379,379,14,1,-79.0,870.0
326,343,380,380,14,1,-79.0,870.0
327,345,381,381,15,1,-79.0,871.0
328,344,382,382,15,1,-76.0,872.0
329,342,383,383,16,1,-77.0,874.0
330,346,384,384,16,1,-77.0,875.0
331,351,385,385,17,1,-78.0,874.0
332,347,386,386,17,1,-77.0,873.0
333,349,387,387,18,1,-78.0,874.0
334,350,388,388,18,1,-79.0,875.0
335,348,389,389,19,1,-79.0,875.0
336,352,390,390,19,1,-78.0,875.0
337,353,391,391,20,1,-78.0,875.0
338,354,392,392,20,1,-77.0,876.0
339,355,393,393,21,1,-76.0,877.0
340,356,394,394,21,1,-79.0,878.0
341,357,395,395,22,1,-77.0,878.0
342,358,396,396,22,1,-78.0,879.0
343,359,398,397,23,1,-75.0,880.0
344,360,399,398,23,1,-79.0,880.0
345,361,400,399,24,1,-79.0,881.0
346,363,401,400,24,1,-79.0,881.0
347,362,402,401,25,1,-79.0,882.0
348,365,403,402,25,1,-78.0,883.0
349,364,404,403,25,1,-80.0,883.0
350,367,405,404,26,1,-78.0,884.0
351,366,406,405,26,1,-82.0,885.0
352,374,407,406,27,1,-81.0,886.0
353,370,408,407,27,1,-81.0,887.0
354,369,409,408,28,1,-80.0,887.0
355,368,410,409,28,1,-81.0,887.0
356,373,411,410,29,1,-81.0,888.0
357,372,412,411,29,1,-82.0,887.0
358,371,413,412,30,2,-80.0,888.0
359,376,414,413,30,2,-82.0,888.0
360,375,415,414,31,2,-79.0,889.0
361,377,416,415,31,2,-82.0,890.0
362,378,417,416,32,2,-79.0,889.0
363,379,418,417,32,2,-82.0,890.0
364,380,419,418,33,2,-79.0,891.0
365,381,420,419,33,2,-82.0,891.0
366,385,421,420,33,2,-80.0,892.0
367,382,422,421,34,2,-81.0,890.0
368,384,423,422,34,2,-82.0,891.0
369,383,424,423,35,2,-81.0,892.0
370,386,425,424,35,2,-81.0,893.0
371,393,426,425,36,2,-81.0,893.0
372,388,427,426,36,2,-79.0,893.0
373,392,428,427,37,2,-81.0,893.0
374,391,429,428,37,2,-81.0,894.0
375,387,430,429,38,2,-82.0,895.0
376,390,431,430,38,2,-82.0,896.0
377,389,432,431,39,2,-83.0,895.0
378,395,433,432,39,2,-80.0,896.0
379,394,434,433,40,2,-81.0,895.0
380,397,436,434,40,2,-80.0,896.0
381,396,437,435,40,2,-81.0,896.0
382,398,438,436,41,2,-81.0,897.0
383,399,439,437,41,2,-82.0,898.0
384,400,440,438,42,2,-79.0,899.0
385,401,441,439,42,2,-80.0,899.0
386,404,442,440,43,2,-80.0,899.0
387,402,443,441,43,2,-81.0,900.0
388,405,444,442,44,2,-80.0,900.0
389,403,445,443,44,2,-81.0,901.0
390,407,457,455,50,2,-84.0,905.0
391,406,458,456,50,2,-83.0,905.0
392,409,465,463,53,2,-86.0,906.0
393,410,466,464,54,2,-84.0,906.0
394,412,467,465,54,2,-85.0,906.0
395,415,468,466,55,2,-85.0,907.0
396,411,469,467,55,2,-84.0,907.0
397,414,470,468,55,2,-85.0,907.0
398,413,471,469,56,2,-85.0,908.0
399,475,473,470,56,2,-85.0,907.0
400,479,474,471,57,2,-84.0,906.0
401,416,475,472,57,2,-84.0,907.0
402,417,476,473,58,2,-86.0,907.0
403,420,477,474,58,2,-84.0,906.0
404,419,478,475,59,2,-85.0,906.0
405,418,479,476,59,2,-85.0,906.0
406,421,480,477,60,3,-85.0,907.0
407,422,489,486,64,3,-84.0,904.0
408,473,490,487,64,3,-85.0,904.0
409,480,491,488,64,3,-87.0,903.0
410,423,492,489,65,3,-85.0,904.0
411,434,493,490,65,3,-87.0,903.0
412,433,494,491,66,3,-86.0,903.0
413,427,495,492,66,3,-86.0,903.0
414,426,496,493,67,3,-84.0,902.0
415,429,497,494,67,3,-85.0,902.0
416,431,498,495,68,3,-86.0,900.0
417,428,499,496,68,3,-85.0,901.0
418,425,500,497,69,3,-86.0,901.0
419,424,501,498,69,3,-86.0,901.0
420,432,502,499,69,3,-84.0,899.0
421,430,503,500,70,3,-85.0,897.0
422,435,504,501,70,3,-86.0,898.0
423,437,505,502,71,3,-87.0,898.0
424,483,506,503,71,3,-86.0,897.0
425,436,507,504,72,3,-85.0,895.0
426,438,508,505,72,3,-85.0,895.0
427,439,510,506,73,3,-86.0,894.0
428,440,511,507,73,3,-85.0,894.0
429,442,512,508,73,3,-83.0,893.0
430,443,513,509,74,3,-86.0,895.0
431,441,514,510,74,3,-85.0,892.0
432,446,515,511,75,3,-85.0,892.0
433,444,516,512,75,3,-86.0,890.0
434,445,517,513,76,3,-86.0,889.0
435,447,518,514,76,3,-86.0,888.0
436,450,519,515,77,3,-86.0,888.0
437,449,520,516,77,3,-86.0,888.0
438,448,521,517,77,3,-86.0,885.0
439,451,522,518,78,3,-85.0,885.0
440,452,523,519,78,3,-86.0,884.0
441,453,524,520,79,3,-86.0,884.0
442,454,525,521,79,3,-87.0,882.0
443,455,526,522,80,3,-85.0,881.0
444,458,527,523,80,3,-85.0,881.0
445,457,528,524,81,3,-85.0,880.0
446,456,529,525,81,3,-87.0,878.0
447,459,530,526,82,3,-87.0,878.0
448,460,531,527,82,3,-86.0,877.0
449,461,532,528,82,3,-86.0,876.0
450,462,533,529,83,3,-87.0,875.0
451,463,534,530,83,3,-87.0,873.0
452,465,535,531,84,3,-87.0,872.0
453,464,536,532,84,3,-88.0,872.0
454,466,537,533,85,3,-87.0,871.0
455,467,538,534,85,3,-86.0,869.0
456,468,539,535,86,3,-88.0,868.0
457,470,540,536,86,3,-83.0,867.0
458,469,541,537,86,3,-83.0,865.0
459,472,542,538,87,3,-85.0,865.0
460,476,543,539,87,3,-85.0,864.0
461,481,544,540,88,3,-84.0,862.0
462,482,545,541,88,3,-84.0,861.0
463,477,546,542,89,3,-85.0,859.0
464,486,548,543,89,3,-84.0,858.0
465,487,549,544,90,4,-86.0,857.0
466,490,550,545,90,4,-85.0,856.0
467,489,551,546,91,4,-85.0,855.0
468,488,552,547,91,4,-85.0,853.0
469,491,553,548,91,4,-86.0,852.0
470,492,554,549,92,4,-87.0,851.0
471,494,555,550,92,4,-85.0,850.0
472,495,556,551,93,4,-85.0,848.0
473,493,557,552,93,4,-86.0,847.0
474,496,558,553,94,4,-84.0,845.0
475,497,559,554,94,4,-84.0,843.0
476,499,560,555,95,4,-85.0,843.0
477,501,561,556,95,4,-85.0,842.0
478,498,562,557,96,4,-85.0,840.0
479,500,563,558,96,4,-85.0,839.0
480,502,564,559,96,4,-85.0,838.0
481,503,565,560,97,4,-86.0,836.0
482,504,566,561,97,4,-85.0,835.0
483,506,567,562,98,4,-85.0,834.0
484,505,568,563,98,4,-87.0,833.0
485,509,569,564,99,4,-86.0,831.0
486,508,570,565,99,4,-85.0,830.0
487,507,571,566,100,4,-86.0,829.0
488,510,572,567,100,4,-86.0,827.0
489,511,573,568,101,4,-86.0,825.0
490,512,574,569,101,4,-85.0,825.0
491,513,575,570,102,4,-84.0,823.0
492,515,576,571,102,4,-84.0,821.0
493,514,577,572,102,4,-85.0,820.0
494,516,578,573,103,4,-84.0,819.0
495,517,579,574,103,4,-85.0,817.0
496,518,580,575,104,4,-82.0,816.0
497,520,581,576,104,4,-84.0,815.0
498,519,582,577,105,4,-84.0,813.0
499,521,583,578,105,4,-83.0,812.0
500,522,585,579,106,4,-82.0,811.0
501,523,586,580,106,4,-83.0,810.0
502,524,587,581,107,4,-84.0,808.0
503,525,588,582,107,4,-84.0,807.0
504,526,589,583,108,4,-82.0,806.0
505,528,590,584,108,4,-82.0,804.0
506,527,591,585,109,4,-83.0,802.0
507,529,592,586,109,4,-82.0,802.0
508,530,593,587,109,4,-85.0,801.0
509,532,594,588,110,4,-84.0,799.0
510,531,595,589,110,4,-85.0,798.0
511,535,596,590,111,4,-82.0,797.0
512,533,597,591,111,4,-82.0,795.0
513,534,598,592,112,4,-83.0,795.0
514,536,599,593,112,4,-83.0,795.0
515,537,600,594,113,4,-83.0,793.0
516,538,601,595,113,4,-83.0,792.0
517,539,602,596,114,4,-82.0,791.0
518,540,603,597,114,4,-84.0,790.0
519,542,604,598,115,4,-84.0,787.0
520,543,605,599,115,4,-84.0,788.0
521,541,606,600,116,4,-81.0,787.0
522,544,607,601,116,4,-82.0,785.0
523,545,608,602,117,4,-82.0,784.0
524,548,609,603,117,4,-83.0,783.0
525,546,610,604,118,4,-84.0,782.0
526,547,611,605,118,4,-83.0,781.0
527,549,612,606,118,4,-84.0,780.0
528,550,613,607,119,4,-83.0,779.0
529,551,614,608,119,4,-85.0,777.0
530,552,615,609,120,5,-84.0,777.0
531,554,616,610,120,5,-85.0,776.0
532,555,617,611,121,5,-84.0,775.0
533,553,618,612,121,5,-85.0,774.0
534,556,619,613,122,5,-84.0,773.0
535,557,620,614,122,5,-82.0,772.0
536,558,621,615,123,5,-83.0,771.0
537,559,623,616,123,5,-82.0,769.0
538,561,624,617,124,5,-84.0,769.0
539,562,625,618,124,5,-83.0,769.0
540,560,626,619,125,5,-82.0,766.0
541,563,627,620,125,5,-83.0,765.0
542,564,628,621,126,5,-82.0,765.0
543,565,629,622,126,5,-84.0,763.0
544,566,630,623,127,5,-83.0,763.0
545,568,631,624,127,5,-82.0,762.0
546,569,632,625,128,5,-81.0,761.0
547,567,633,626,128,5,-82.0,760.0
548,570,634,627,129,5,-82.0,759.0
549,571,635,628,129,5,-81.0,759.0
550,572,636,629,130,5,-84.0,759.0
551,573,637,630,130,5,-82.0,757.0
552,576,638,631,131,5,-81.0,756.0
553,575,639,632,131,5,-79.0,755.0
554,574,640,633,132,5,-81.0,754.0
555,577,641,634,132,5,-82.0,753.0
556,578,642,635,133,5,-82.0,754.0
557,582,643,636,133,5,-81.0,752.0
558,580,644,637,134,5,-80.0,752.0
559,579,645,638,134,5,-80.0,751.0
560,581,646,639,135,5,-80.0,750.0
561,583,647,640,135,5,-81.0,750.0
562,584,648,641,136,5,-81.0,749.0
563,585,649,642,136,5,-80.0,749.0
564,586,650,643,137,5,-80.0,748.0
565,588,651,644,137,5,-80.0,748.0
566,589,652,645,138,5,-81.0,746.0
567,587,653,646,138,5,-81.0,746.0
568,590,654,647,139,5,-79.0,746.0
569,591,655,648,139,5,-80.0,746.0
570,592,656,649,140,5,-79.0,745.0
571,593,657,650,140,5,-80.0,743.0
572,595,658,651,141,5,-80.0,743.0
573,594,660,652,141,5,-79.0,745.0
574,596,661,653,142,5,-80.0,744.0
575,597,662,654,142,5,-79.0,742.0
576,598,663,655,143,5,-77.0,741.0
577,599,664,656,143,5,-80.0,740.0
578,600,665,657,144,5,-79.0,739.0
579,602,666,658,144,5,-79.0,739.0
580,603,667,659,145,5,-77.0,738.0
581,601,668,660,145,5,-78.0,735.0
582,604,669,661,146,5,-76.0,735.0
583,605,670,662,146,5,-77.0,735.0
584,609,671,663,147,5,-77.0,734.0
585,607,672,664,147,5,-78.0,732.0
586,610,673,665,148,5,-78.0,735.0
587,608,674,666,148,5,-77.0,736.0
588,606,675,667,149,5,-76.0,736.0
589,611,676,668,150,6,-75.0,734.0
590,613,677,669,150,6,-84.0,735.0
591,612,678,670,151,6,-79.0,737.0
592,614,679,671,151,6,-79.0,740.0
593,615,680,672,152,6,-78.0,739.0
594,616,681,673,152,6,-78.0,738.0
595,617,682,674,153,6,-80.0,739.0
596,618,683,675,153,6,-80.0,740.0
597,619,684,676,154,6,-80.0,738.0
598,622,685,677,154,6,-78.0,737.0
599,621,686,678,155,6,-77.0,739.0
600,624,687,679,155,6,-77.0,738.0
601,620,688,680,156,6,-76.0,740.0
602,623,689,681,156,6,-79.0,738.0
603,625,690,682,157,6,-77.0,739.0
604,626,691,683,158,6,-79.0,741.0
605,627,692,684,158,6,-75.0,741.0
606,628,693,685,159,6,-77.0,740.0
607,629,694,686,159,6,-76.0,738.0
608,630,695,687,160,6,-77.0,739.0
609,631,697,688,160,6,-77.0,741.0
610,632,698,689,161,6,-76.0,742.0
611,633,699,690,161,6,-77.0,741.0
612,634,700,691,162,6,-76.0,741.0
613,637,701,692,162,6,-76.0,742.0
614,636,702,693,163,6,-76.0,741.0
615,635,703,694,164,6,-75.0,740.0
616,638,704,695,164,6,-76.0,741.0
617,639,705,696,165,6,-75.0,743.0
618,640,706,697,165,6,-74.0,743.0
619,641,707,698,166,6,-77.0,743.0
620,642,708,699,166,6,-76.0,744.0
621,643,709,700,167,6,-75.0,745.0
622,644,710,701,167,6,-77.0,745.0
623,645,711,702,168,6,-76.0,745.0
624,646,712,703,169,6,-75.0,747.0
625,647,713,704,169,6,-75.0,747.0
626,648,714,705,170,6,-76.0,746.0
627,650,715,706,170,6,-76.0,748.0
628,651,716,707,171,6,-76.0,749.0
629,649,717,708,171,6,-76.0,749.0
630,652,718,709,172,6,-73.0,750.0
631,653,719,710,172,6,-77.0,751.0
632,654,720,711,173,6,-75.0,751.0
633,658,721,712,174,6,-77.0,752.0
634,656,722,713,174,6,-76.0,754.0
635,655,723,714,175,6,-76.0,754.0
636,657,724,715,175,6,-73.0,755.0
637,659,725,716,176,6,-75.0,755.0
638,661,726,717,176,6,-76.0,756.0
639,660,727,718,177,6,-77.0,757.0
640,662,728,719,178,6,-77.0,758.0
641,663,729,720,178,6,-74.0,760.0
642,664,730,721,179,6,-73.0,761.0
643,665,731,722,179,6,-74.0,760.0
644,666,732,723,180,7,-73.0,761.0
645,667,733,724,181,7,-74.0,763.0
646,669,735,725,181,7,-73.0,764.0
647,668,736,726,182,7,-75.0,766.0
648,671,737,727,182,7,-76.0,766.0
649,670,738,728,183,7,-74.0,766.0
650,672,739,729,183,7,-75.0,768.0
651,676,740,730,184,7,-76.0,770.0
652,673,741,731,185,7,-75.0,771.0
653,677,742,732,185,7,-75.0,773.0
654,674,743,733,186,7,-74.0,773.0
655,675,744,734,186,7,-73.0,776.0
656,678,745,735,187,7,-73.0,776.0
657,679,746,736,188,7,-76.0,776.0
658,680,747,737,188,7,-74.0,777.0
659,681,748,738,189,7,-75.0,778.0
660,682,749,739,189,7,-77.0,779.0
661,685,750,740,190,7,-76.0,782.0
662,683,751,741,191,7,-70.0,784.0
663,684,752,742,191,7,-72.0,784.0
664,686,753,743,192,7,-72.0,786.0
665,687,754,744,192,7,-75.0,786.0
666,689,755,745,193,7,-74.0,787.0
667,688,756,746,194,7,-76.0,788.0
668,691,757,747,194,7,-73.0,789.0
669,690,758,748,195,7,-71.0,791.0
670,692,759,749,195,7,-73.0,794.0
671,693,760,750,196,7,-72.0,796.0
672,695,761,751,197,7,-72.0,797.0
673,694,762,752,197,7,-71.0,798.0
674,698,763,753,198,7,-73.0,800.0
675,696,764,754,198,7,-73.0,802.0
676,697,765,755,199,7,-74.0,806.0
677,699,766,756,200,7,-73.0,806.0
678,700,767,757,200,7,-73.0,807.0
679,701,768,758,201,7,-71.0,810.0
680,702,769,759,201,7,-77.0,809.0
681,704,770,760,202,7,-70.0,810.0
682,705,772,761,203,7,-72.0,814.0
683,703,773,762,203,7,-75.0,814.0
684,706,774,763,204,7,-78.0,817.0
685,707,775,764,205,7,-73.0,821.0
686,708,776,765,205,7,-73.0,820.0
687,709,777,766,206,7,-70.0,824.0
688,710,778,767,206,7,-71.0,824.0
689,712,779,768,207,7,-73.0,826.0
690,711,780,769,208,7,-73.0,829.0
691,713,781,770,208,7,-70.0,829.0
692,714,782,771,209,7,-71.0,836.0
693,715,783,772,210,8,-71.0,835.0
694,716,784,773,210,8,-70.0,838.0
695,719,785,774,211,8,-73.0,838.0
696,717,786,775,211,8,-71.0,838.0
697,718,787,776,212,8,-72.0,841.0
698,720,788,777,213,8,-72.0,841.0
699,721,789,778,213,8,-70.0,846.0
700,722,790,779,214,8,-71.0,845.0
701,723,791,780,215,8,-72.0,852.0
702,725,792,781,215,8,-74.0,849.0
703,724,793,782,216,8,-71.0,854.0
704,727,794,783,216,8,-69.0,853.0
705,726,795,784,217,8,-69.0,857.0
706,728,796,785,218,8,-74.0,858.0
707,729,797,786,218,8,-74.0,861.0
708,732,798,787,219,8,-73.0,860.0
709,731,799,788,220,8,-68.0,862.0
710,730,800,789,220,8,-68.0,862.0
711,733,801,790,221,8,-68.0,864.0
712,734,802,791,222,8,-70.0,867.0
713,735,803,792,222,8,-71.0,873.0
714,736,804,793,223,8,-71.0,877.0
715,739,805,794,223,8,-68.0,874.0
716,738,806,795,224,8,-68.0,875.0
717,737,807,796,225,8,-65.0,877.0
718,740,809,797,225,8,-65.0,879.0
719,741,810,798,226,8,-67.0,883.0
720,743,811,799,227,8,-70.0,884.0
721,742,812,800,227,8,-67.0,884.0
722,746,813,801,228,8,-70.0,884.0
723,745,814,802,229,8,-69.0,887.0
724,744,815,803,229,8,-69.0,888.0
725,747,816,804,230,8,-73.0,891.0
726,748,817,805,231,8,-70.0,893.0
727,750,818,806,231,8,-69.0,893.0
728,749,819,807,232,8,-71.0,892.0
729,752,820,808,232,8,-67.0,893.0
730,753,821,809,233,8,-70.0,895.0
731,751,822,810,234,8,-69.0,897.0
732,754,823,811,234,8,-71.0,900.0
733,755,824,812,235,8,-75.0,902.0
734,756,825,813,236,8,-67.0,904.0
735,757,826,814,236,8,-68.0,902.0
736,759,827,815,237,8,-69.0,905.0
737,758,828,816,238,8,-74.0,909.0
738,761,829,817,238,8,-69.0,913.0
739,760,830,818,239,8,-68.0,914.0
740,763,831,819,240,9,-71.0,913.0
741,765,832,820,240,9,-68.0,910.0
742,762,833,821,241,9,-68.0,910.0
743,764,834,822,242,9,-71.0,911.0
744,766,835,823,242,9,-69.0,912.0
745,768,836,824,243,9,-67.0,914.0
746,767,837,825,243,9,-67.0,914.0
747,770,838,826,244,9,-68.0,914.0
748,769,839,827,245,9,-68.0,911.0
749,771,840,828,245,9,-71.0,914.0
750,773,841,829,246,9,-71.0,914.0
751,772,842,830,247,9,-68.0,918.0
752,774,843,831,247,9,-68.0,920.0
753,775,844,832,248,9,-68.0,924.0
754,776,845,833,249,9,-69.0,923.0
755,777,847,834,249,9,-68.0,918.0
756,780,848,835,250,9,-69.0,917.0
757,778,849,836,251,9,-69.0,916.0
758,779,850,837,251,9,-69.0,916.0
759,782,851,838,252,9,-69.0,917.0
760,781,852,839,253,9,-70.0,917.0
761,783,853,840,253,9,-74.0,913.0
762,784,854,841,254,9,-75.0,914.0
763,790,855,842,255,9,-69.0,914.0
764,793,856,843,255,9,-69.0,916.0
765,788,857,844,256,9,-68.0,917.0
766,786,858,845,257,9,-73.0,920.0
767,785,859,846,257,9,-74.0,925.0
768,791,860,847,258,9,-69.0,918.0
769,792,861,848,258,9,-69.0,918.0
770,787,862,849,259,9,-69.0,918.0
771,789,863,850,260,9,-68.0,918.0
772,794,864,851,260,9,-68.0,919.0
773,797,865,852,261,9,-73.0,916.0
774,796,866,853,262,9,-67.0,913.0
775,798,867,854,262,9,-66.0,910.0
776,799,868,855,263,9,-69.0,912.0
777,795,869,856,264,9,-68.0,912.0
778,801,870,857,264,9,-76.0,911.0
779,800,871,858,265,9,-73.0,913.0
780,802,872,859,266,9,-72.0,915.0
781,803,873,860,266,9,-69.0,916.0
782,804,874,861,267,9,-70.0,917.0
783,807,875,862,268,9,-70.0,917.0
784,805,876,863,268,9,-72.0,916.0
785,806,877,864,269,9,-70.0,914.0
786,808,878,865,270,10,-70.0,913.0
787,809,879,866,270,10,-71.0,911.0
788,810,880,867,271,10,-71.0,910.0
789,811,881,868,271,10,-71.0,908.0
790,812,882,869,272,10,-72.0,906.0
791,813,884,870,273,10,-74.0,909.0
792,814,885,871,273,10,-70.0,903.0
793,815,886,872,274,10,-72.0,902.0
794,817,895,881,280,10,-73.0,899.0
795,818,896,882,280,10,-76.0,901.0
796,820,897,883,281,10,-74.0,897.0
797,821,898,884,282,10,-71.0,897.0
798,819,899,885,282,10,-71.0,895.0
799,823,900,886,283,10,-73.0,894.0
800,822,901,887,284,10,-73.0,897.0
801,824,902,888,284,10,-70.0,896.0
802,825,903,889,285,10,-70.0,895.0
803,826,904,890,286,10,-72.0,892.0
804,827,905,891,286,10,-72.0,892.0
805,828,906,892,287,10,-71.0,892.0
806,829,907,893,287,10,-72.0,890.0
807,830,908,894,288,10,-75.0,891.0
808,831,909,895,289,10,-72.0,889.0
809,833,910,896,289,10,-70.0,888.0
810,832,911,897,290,10,-72.0,884.0
811,834,912,898,291,10,-72.0,883.0
812,835,913,899,291,10,-75.0,881.0
813,836,914,900,292,10,-70.0,883.0
814,837,915,901,292,10,-71.0,885.0
815,838,916,902,293,10,-68.0,883.0
816,839,917,903,294,10,-71.0,882.0
817,841,918,904,294,10,-71.0,878.0
818,840,919,905,295,10,-71.0,880.0
819,843,920,906,296,10,-76.0,878.0
820,842,922,907,296,10,-75.0,879.0
821,844,923,908,297,10,-71.0,883.0
822,845,924,909,297,10,-70.0,878.0
823,847,925,910,298,10,-73.0,878.0
824,846,926,911,299,10,-70.0,874.0
825,849,927,912,299,10,-75.0,875.0
826,848,928,913,300,11,-71.0,871.0
827,850,929,914,300,11,-71.0,874.0
828,851,930,915,301,11,-71.0,878.0
829,852,931,916,302,11,-71.0,872.0
830,854,932,917,302,11,-76.0,871.0
831,853,933,918,303,11,-71.0,867.0
832,855,934,919,304,11,-74.0,870.0
833,856,935,920,304,11,-72.0,868.0
834,857,936,921,305,11,-70.0,867.0
835,858,937,922,305,11,-73.0,870.0
836,859,938,923,306,11,-72.0,867.0
837,861,939,924,307,11,-74.0,867.0
838,860,940,925,307,11,-71.0,862.0
839,862,941,926,308,11,-76.0,864.0
840,863,942,927,308,11,-76.0,862.0
841,864,943,928,309,11,-72.0,862.0
842,865,944,929,310,11,-75.0,866.0
843,868,945,930,310,11,-75.0,865.0
844,867,946,931,311,11,-69.0,864.0
845,866,947,932,311,11,-71.0,859.0
846,869,948,933,312,11,-71.0,863.0
847,870,949,934,313,11,-73.0,858.0
848,872,950,935,313,11,-75.0,862.0
849,871,951,936,314,11,-72.0,865.0
850,874,952,937,314,11,-73.0,863.0
851,876,955,940,316,11,-73.0,861.0
852,875,956,941,317,11,-74.0,857.0
853,880,957,942,317,11,-74.0,857.0
854,877,959,943,318,11,-73.0,854.0
855,878,960,944,318,11,-70.0,852.0
856,881,961,945,319,11,-72.0,851.0
857,879,962,946,320,11,-77.0,850.0
858,882,963,947,320,11,-70.0,853.0
859,883,964,948,321,11,-73.0,854.0
860,884,965,949,321,11,-72.0,851.0
861,885,966,950,322,11,-73.0,850.0
862,888,967,951,323,11,-75.0,849.0
863,886,968,952,323,11,-69.0,847.0
864,887,969,953,324,11,-71.0,847.0
865,889,970,954,324,11,-73.0,847.0
866,892,974,958,327,11,-74.0,848.0
867,891,975,959,327,11,-78.0,846.0
868,893,976,960,328,11,-76.0,846.0
869,895,977,961,328,11,-71.0,849.0
870,894,978,962,329,11,-73.0,845.0
871,896,979,963,329,11,-71.0,850.0
872,897,980,964,330,12,-72.0,847.0
873,898,981,965,331,12,-75.0,847.0
874,900,982,966,331,12,-73.0,850.0
875,899,983,967,332,12,-74.0,844.0
876,901,984,968,332,12,-71.0,848.0
877,902,985,969,333,12,-72.0,844.0
878,903,986,970,333,12,-71.0,849.0
879,906,987,971,334,12,-71.0,848.0
880,904,988,972,334,12,-73.0,847.0
881,905,989,973,335,12,-72.0,844.0
882,907,990,974,336,12,-73.0,842.0
883,908,991,975,336,12,-73.0,843.0
884,909,992,976,337,12,-75.0,842.0
885,910,993,977,337,12,-75.0,841.0
886,913,994,978,338,12,-73.0,842.0
887,912,996,979,338,12,-79.0,841.0
888,911,997,980,339,12,-73.0,840.0
889,914,998,981,339,12,-73.0,841.0
890,917,999,982,340,12,-74.0,840.0
891,916,1000,983,340,12,-76.0,840.0
892,915,1001,984,341,12,-74.0,840.0
893,918,1002,985,342,12,-78.0,840.0
894,919,1003,986,342,12,-74.0,840.0
895,920,1004,987,343,12,-74.0,839.0
896,922,1005,988,343,12,-75.0,840.0
897,921,1006,989,344,12,-74.0,841.0
898,923,1007,990,344,12,-76.0,839.0
899,926,1008,991,345,12,-73.0,840.0
900,924,1009,992,345,12,-73.0,842.0
901,927,1010,993,346,12,-73.0,840.0
902,925,1011,994,346,12,-79.0,842.0
903,929,1012,995,347,12,-74.0,842.0
904,928,1013,996,348,12,-72.0,842.0
905,930,1014,997,348,12,-74.0,843.0
906,931,1015,998,349,12,-73.0,842.0
907,932,1017,1000,350,12,-74.0,841.0
908,933,1018,1001,350,12,-79.0,843.0
909,936,1019,1002,351,12,-77.0,844.0
910,934,1020,1003,351,12,-74.0,843.0
911,935,1021,1004,352,12,-74.0,842.0
912,939,1022,1005,352,12,-75.0,843.0
913,941,1023,1006,353,12,-78.0,844.0
914,937,1024,1007,353,12,-79.0,845.0
915,940,1025,1008,354,12,-79.0,844.0
916,946,1026,1009,354,12,-75.0,845.0
917,947,1027,1010,355,12,-74.0,846.0
918,948,1028,1011,355,12,-78.0,845.0
919,949,1029,1012,356,12,-81.0,846.0
920,953,1030,1013,356,12,-80.0,846.0
921,950,1031,1014,357,12,-77.0,846.0
922,951,1032,1015,357,12,-75.0,847.0
923,952,1034,1016,358,12,-76.0,847.0
924,955,1035,1017,359,12,-78.0,850.0
925,956,1036,1018,359,12,-79.0,850.0
926,954,1037,1019,0,1,-81.0,849.0
927,938,1038,1020,0,1,-63.0,832.0
928,942,1039,1021,1,1,-76.0,850.0
929,944,1040,1022,1,1,-75.0,852.0
930,943,1041,1023,2,1,-76.0,851.0
931,945,1042,1024,2,1,-76.0,851.0
932,958,1043,1025,3,1,-74.0,851.0
933,957,1044,1026,3,1,-78.0,851.0
934,960,1046,1028,4,1,-75.0,853.0
935,959,1047,1029,5,1,-75.0,856.0
936,961,1048,1030,5,1,-77.0,855.0
937,963,1049,1031,6,1,-76.0,854.0
938,962,1050,1032,6,1,-74.0,854.0
939,965,1051,1033,7,1,-77.0,856.0
940,964,1052,1034,7,1,-76.0,859.0
941,966,1053,1035,8,1,-77.0,857.0
942,967,1054,1036,8,1,-76.0,856.0
943,968,1055,1037,9,1,-80.0,856.0
944,969,1056,1038,9,1,-76.0,858.0
945,970,1057,1039,10,1,-77.0,857.0
946,972,1058,1040,10,1,-77.0,858.0
947,971,1059,1041,11,1,-77.0,859.0
948,973,1060,1042,11,1,-76.0,859.0
949,974,1061,1043,12,1,-77.0,860.0
950,975,1062,1044,12,1,-79.0,860.0
951,978,1063,1045,13,1,-80.0,861.0
952,979,1064,1046,13,1,-77.0,862.0
953,977,1065,1047,14,1,-77.0,863.0
954,976,1066,1048,14,1,-78.0,864.0
955,980,1067,1049,15,1,-75.0,864.0
956,981,1068,1050,15,1,-76.0,863.0
957,983,1069,1051,16,1,-76.0,864.0
958,982,1071,1052,16,1,-78.0,865.0
959,984,1072,1053,17,1,-79.0,865.0
960,985,1073,1054,17,1,-77.0,867.0
961,987,1074,1055,17,1,-77.0,868.0
962,986,1075,1056,18,1,-76.0,868.0
963,988,1076,1057,18,1,-78.0,867.0
964,989,1077,1058,19,1,-78.0,868.0
965,990,1078,1059,19,1,-78.0,870.0
966,992,1079,1060,20,1,-78.0,870.0
967,993,1080,1061,20,1,-77.0,871.0
968,991,1081,1062,21,1,-77.0,871.0
969,994,1082,1063,21,1,-79.0,871.0
970,996,1083,1064,22,1,-77.0,871.0
971,995,1084,1065,22,1,-78.0,873.0
972,997,1085,1066,23,1,-78.0,875.0
973,998,1086,1067,23,1,-79.0,875.0
974,1000,1087,1068,24,1,-76.0,874.0
975,999,1088,1069,24,1,-77.0,876.0
976,1001,1089,1070,25,1,-80.0,877.0
977,1002,1090,1071,25,1,-78.0,878.0
978,1003,1091,1072,26,1,-78.0,879.0
979,1004,1092,1073,26,1,-82.0,879.0
980,1005,1093,1074,27,1,-77.0,878.0
981,1006,1094,1075,27,1,-77.0,879.0
982,1007,1095,1076,28,1,-81.0,880.0
983,1008,1096,1077,28,1,-79.0,880.0
984,1009,1097,1078,29,1,-80.0,881.0
985,1010,1098,1079,29,1,-80.0,882.0
986,1013,1099,1080,29,1,-77.0,882.0
987,1011,1100,1081,30,2,-77.0,882.0
988,1012,1101,1082,30,2,-79.0,882.0
989,1014,1102,1083,31,2,-80.0,883.0
990,1015,1103,1084,31,2,-78.0,885.0
991,1017,1104,1085,32,2,-79.0,886.0
992,1016,1105,1086,32,2,-77.0,885.0
993,1019,1106,1087,33,2,-78.0,885.0
994,1020,1108,1088,33,2,-77.0,885.0
995,1018,1109,1089,34,2,-76.0,885.0
996,1021,1110,1090,34,2,-78.0,886.0
997,1022,1111,1091,35,2,-77.0,886.0
998,1023,1112,1092,35,2,-79.0,886.0
999,1024,1113,1093,36,2,-77.0,887.0
1000,1026,1114,1094,36,2,-80.0,888.0
1001,1027,1115,1095,36,2,-79.0,888.0
1002,1025,1116,1096,37,2,-79.0,888.0
1003,1028,1117,1097,37,2,-78.0,889.0
1004,1029,1118,1098,38,2,-77.0,890.0
1005,1030,1119,1099,38,2,-78.0,891.0
1006,1031,1120,1100,39,2,-79.0,890.0
1007,1034,1121,1101,39,2,-80.0,891.0
1008,1032,1122,1102,40,2,-84.0,892.0
1009,1033,1123,1103,40,2,-81.0,893.0
1010,1035,1124,1104,41,2,-79.0,893.0
1011,1036,1125,1105,41,2,-78.0,892.0
1012,1037,1126,1106,42,2,-82.0,893.0
1013,1040,1127,1107,42,2,-79.0,893.0
1014,1038,1128,1108,42,2,-78.0,895.0
1015,1039,1129,1109,43,2,-82.0,895.0
1016,1041,1130,1110,43,2,-81.0,895.0
1017,1042,1131,1111,44,2,-79.0,896.0
1018,1043,1132,1112,44,2,-80.0,895.0
1019,1044,1133,1113,45,2,-79.0,895.0
1020,1045,1134,1114,45,2,-79.0,896.0
1021,1047,1135,1115,46,2,-80.0,897.0
1022,1046,1136,1116,46,2,-79.0,898.0
1023,1048,1137,1117,47,2,-79.0,898.0
1024,1049,1138,1118,47,2,-80.0,898.0
1025,1050,1139,1119,48,2,-81.0,899.0
1026,1051,1140,1120,48,2,-80.0,900.0
1027,1052,1141,1121,48,2,-81.0,901.0
1028,1053,1142,1122,49,2,-79.0,901.0
1029,1054,1143,1123,49,2,-79.0,900.0
1030,1055,1144,1124,50,2,-80.0,900.0
1031,1056,1146,1125,50,2,-79.0,900.0
1032,1057,1147,1126,51,2,-79.0,901.0
1033,1058,1148,1127,51,2,-80.0,901.0
1034,1059,1149,1128,52,2,-79.0,902.0
1035,1060,1150,1129,52,2,-80.0,902.0
1036,1061,1151,1130,53,2,-81.0,902.0
1037,1062,1152,1131,53,2,-81.0,902.0
1038,1063,1153,1132,53,2,-82.0,902.0
1039,1064,1154,1133,54,2,-82.0,902.0
1040,1065,1155,1134,54,2,-80.0,902.0
1041,1069,1156,1135,55,2,-81.0,901.0
1042,1066,1157,1136,55,2,-82.0,901.0
1043,1068,1158,1137,56,2,-81.0,901.0
1044,1067,1159,1138,56,2,-82.0,901.0
1045,1070,1160,1139,57,2,-80.0,901.0
1046,1071,1161,1140,57,2,-81.0,901.0
1047,1072,1162,1141,57,2,-82.0,902.0
1048,1073,1163,1142,58,2,-82.0,902.0
1049,1074,1164,1143,58,2,-82.0,901.0
1050,1075,1165,1144,59,2,-82.0,902.0
1051,1076,1166,1145,59,2,-82.0,903.0
1052,1077,1167,1146,60,3,-82.0,902.0
1053,1078,1168,1147,60,3,-80.0,901.0
1054,1080,1169,1148,61,3,-80.0,901.0
1055,1079,1170,1149,61,3,-81.0,902.0
1056,1081,1171,1150,62,3,-82.0,902.0
1057,1082,1172,1151,62,3,-82.0,901.0
1058,1086,1173,1152,62,3,-80.0,901.0
1059,1083,1174,1153,63,3,-82.0,900.0
1060,1088,1175,1154,63,3,-84.0,900.0
1061,1084,1176,1155,64,3,-84.0,900.0
1062,1085,1177,1156,64,3,-84.0,900.0
1063,1087,1178,1157,65,3,-82.0,900.0
1064,1089,1179,1158,65,3,-82.0,898.0
1065,1090,1180,1159,66,3,-82.0,898.0
1066,1091,1181,1160,66,3,-80.0,899.0
1067,1092,1183,1161,66,3,-83.0,898.0
1068,1093,1184,1162,67,3,-84.0,897.0
1069,1094,1185,1163,67,3,-86.0,896.0
1070,1095,1186,1164,68,3,-86.0,896.0
1071,1096,1187,1165,68,3,-84.0,897.0
1072,1097,1188,1166,69,3,-84.0,895.0
1073,1098,1189,1167,69,3,-84.0,894.0
1074,1102,1190,1168,70,3,-84.0,894.0
1075,1100,1191,1169,70,3,-89.0,894.0
1076,1101,1192,1170,71,3,-85.0,893.0
1077,1099,1193,1171,71,3,-87.0,892.0
1078,1104,1194,1172,71,3,-87.0,892.0
1079,1103,1195,1173,72,3,-87.0,892.0
1080,1105,1196,1174,72,3,-85.0,891.0
1081,1106,1197,1175,73,3,-85.0,890.0
1082,1107,1198,1176,73,3,-84.0,890.0
1083,1108,1199,1177,74,3,-84.0,888.0
1084,1109,1200,1178,74,3,-86.0,888.0
1085,1110,1201,1179,75,3,-85.0,887.0
1086,1111,1202,1180,75,3,-86.0,886.0
1087,1112,1203,1181,75,3,-86.0,885.0
1088,1114,1204,1182,76,3,-85.0,884.0
1089,1113,1205,1183,76,3,-86.0,883.0
1090,1115,1206,1184,77,3,-85.0,882.0
1091,1116,1207,1185,77,3,-84.0,881.0
1092,1117,1208,1186,78,3,-86.0,881.0
1093,1118,1209,1187,78,3,-84.0,881.0
1094,1119,1210,1188,79,3,-90.0,881.0
1095,1120,1211,1189,79,3,-87.0,879.0
1096,1121,1212,1190,79,3,-87.0,877.0
1097,1122,1213,1191,80,3,-87.0,876.0
1098,1123,1214,1192,80,3,-86.0,876.0
1099,1124,1215,1193,81,3,-84.0,875.0
1100,1125,1216,1194,81,3,-84.0,873.0
1101,1126,1217,1195,82,3,-86.0,872.0
1102,1129,1218,1196,82,3,-86.0,871.0
1103,1127,1219,1197,83,3,-85.0,869.0
1104,1128,1221,1198,83,3,-86.0,868.0
1105,1130,1222,1199,84,3,-86.0,868.0
1106,1131,1223,1200,84,3,-84.0,866.0
1107,1132,1224,1201,84,3,-85.0,866.0
1108,1133,1225,1202,85,3,-85.0,864.0
1109,1136,1226,1203,85,3,-85.0,863.0
1110,1135,1227,1204,86,3,-84.0,862.0
1111,1134,1228,1205,86,3,-86.0,861.0
1112,1137,1229,1206,87,3,-85.0,859.0
1113,1138,1230,1207,87,3,-85.0,858.0
1114,1139,1231,1208,88,3,-85.0,857.0
1115,1141,1232,1209,88,3,-85.0,855.0
1116,1140,1233,1210,88,3,-85.0,854.0
1117,1142,1234,1211,89,3,-83.0,853.0
1118,1143,1235,1212,89,3,-86.0,851.0
1119,1145,1236,1213,90,4,-84.0,851.0
1120,1144,1237,1214,90,4,-85.0,849.0
1121,1146,1238,1215,91,4,-85.0,848.0
1122,1147,1239,1216,91,4,-86.0,847.0
1123,1148,1240,1217,92,4,-88.0,846.0
1124,1149,1241,1218,92,4,-86.0,845.0
1125,1150,1242,1219,93,4,-87.0,844.0
1126,1151,1243,1220,93,4,-87.0,842.0
1127,1152,1244,1221,93,4,-87.0,841.0
1128,1153,1245,1222,94,4,-87.0,840.0
1129,1155,1246,1223,94,4,-88.0,839.0
1130,1154,1247,1224,95,4,-88.0,837.0
1131,1156,1248,1225,95,4,-87.0,836.0
1132,1157,1249,1226,96,4,-87.0,835.0
1133,1158,1250,1227,96,4,-88.0,833.0
1134,1159,1251,1228,97,4,-88.0,832.0
1135,1160,1252,1229,97,4,-88.0,831.0
1136,1161,1253,1230,98,4,-88.0,830.0
1137,1162,1254,1231,98,4,-88.0,828.0
1138,1163,1255,1232,99,4,-88.0,827.0
1139,1164,1256,1233,99,4,-88.0,826.0
1140,1166,1258,1234,99,4,-88.0,824.0
1141,1165,1259,1235,100,4,-88.0,824.0
1142,1170,1260,1236,100,4,-87.0,822.0
1143,1169,1261,1237,101,4,-88.0,820.0
1144,1167,1262,1238,101,4,-87.0,819.0
1145,1168,1263,1239,102,4,-89.0,818.0
1146,1171,1264,1240,102,4,-87.0,816.0
1147,1172,1265,1241,103,4,-87.0,816.0
1148,1173,1266,1242,103,4,-87.0,815.0
1149,1174,1267,1243,104,4,-86.0,814.0
1150,1175,1268,1244,104,4,-85.0,812.0
1151,1176,1269,1245,105,4,-86.0,811.0
1152,1178,1270,1246,105,4,-85.0,810.0
1153,1177,1271,1247,105,4,-85.0,809.0
1154,1179,1272,1248,106,4,-86.0,807.0
1155,1180,1273,1249,106,4,-85.0,806.0
1156,1182,1274,1250,107,4,-85.0,804.0
1157,1185,1275,1251,107,4,-85.0,803.0
1158,1184,1276,1252,108,4,-85.0,802.0
1159,1181,1277,1253,108,4,-85.0,800.0
1160,1183,1278,1254,109,4,-84.0,799.0
1161,1187,1279,1255,109,4,-84.0,798.0
1162,1186,1280,1256,110,4,-84.0,797.0
1163,1188,1281,1257,110,4,-84.0,794.0
1164,1189,1282,1258,111,4,-83.0,794.0
1165,1190,1283,1259,111,4,-84.0,794.0
1166,1191,1284,1260,112,4,-83.0,792.0
1167,1192,1285,1261,112,4,-81.0,790.0
1168,1193,1286,1262,112,4,-81.0,790.0
1169,1194,1287,1263,113,4,-84.0,788.0
1170,1195,1288,1264,113,4,-84.0,787.0
1171,1197,1289,1265,114,4,-81.0,787.0
1172,1196,1290,1266,114,4,-82.0,787.0
1173,1198,1291,1267,115,4,-83.0,786.0
1174,1199,1292,1268,115,4,-83.0,784.0
1175,1201,1293,1269,116,4,-83.0,782.0
1176,1200,1295,1270,116,4,-82.0,782.0
1177,1202,1296,1271,117,4,-84.0,781.0
1178,1203,1297,1272,117,4,-81.0,780.0
1179,1204,1298,1273,118,4,-79.0,778.0
1180,1205,1299,1274,118,4,-82.0,777.0
1181,1206,1300,1275,119,4,-82.0,775.0
1182,1207,1301,1276,119,4,-83.0,774.0
1183,1208,1302,1277,120,5,-84.0,774.0
1184,1210,1303,1278,120,5,-83.0,773.0
1185,1209,1304,1279,121,5,-83.0,772.0
1186,1211,1305,1280,121,5,-84.0,771.0
1187,1212,1306,1281,122,5,-83.0,769.0
1188,1213,1307,1282,122,5,-81.0,768.0
1189,1214,1308,1283,123,5,-82.0,767.0
1190,1216,1309,1284,123,5,-80.0,767.0
1191,1217,1310,1285,123,5,-80.0,766.0
1192,1215,1311,1286,124,5,-80.0,765.0
1193,1218,1312,1287,124,5,-80.0,764.0
1194,1219,1313,1288,125,5,-80.0,763.0
1195,1220,1316,1291,126,5,-80.0,760.0
1196,1222,1317,1292,127,5,-81.0,760.0
1197,1221,1318,1293,127,5,-81.0,758.0
1198,1223,1319,1294,128,5,-79.0,758.0
1199,1224,1320,1295,128,5,-79.0,757.0
1200,1226,1321,1296,129,5,-79.0,756.0
1201,1225,1322,1297,129,5,-80.0,755.0
1202,1229,1323,1298,130,5,-79.0,755.0
1203,1228,1324,1299,130,5,-80.0,753.0
1204,1227,1325,1300,131,5,-79.0,752.0
1205,1230,1326,1301,131,5,-78.0,752.0
1206,1231,1327,1302,132,5,-80.0,751.0
1207,1232,1328,1303,132,5,-78.0,751.0
1208,1233,1329,1304,133,5,-80.0,750.0
1209,1235,1330,1305,133,5,-80.0,749.0
1210,1234,1331,1306,134,5,-79.0,748.0
1211,1236,1333,1307,134,5,-80.0,748.0
1212,1237,1334,1308,135,5,-81.0,748.0
1213,1238,1335,1309,135,5,-81.0,747.0
1214,1239,1336,1310,136,5,-76.0,745.0
1215,1240,1337,1311,136,5,-78.0,745.0
1216,1243,1338,1312,137,5,-77.0,745.0
1217,1241,1339,1313,137,5,-77.0,745.0
1218,1242,1340,1314,138,5,-78.0,744.0
1219,1244,1341,1315,138,5,-77.0,744.0
1220,1245,1342,1316,139,5,-80.0,744.0
1221,1246,1343,1317,139,5,-80.0,743.0
1222,1247,1344,1318,140,5,-80.0,743.0
1223,1248,1345,1319,140,5,-78.0,742.0
1224,1250,1346,1320,141,5,-77.0,741.0
1225,1249,1347,1321,141,5,-77.0,740.0
1226,1251,1348,1322,142,5,-78.0,740.0
1227,1252,1349,1323,142,5,-77.0,738.0
1228,1253,1350,1324,143,5,-78.0,738.0
1229,1256,1351,1325,144,5,-78.0,738.0
1230,1254,1352,1326,144,5,-77.0,738.0
1231,1255,1353,1327,145,5,-76.0,736.0
1232,1257,1354,1328,145,5,-77.0,735.0
1233,1258,1355,1329,146,5,-74.0,735.0
1234,1259,1356,1330,146,5,-78.0,734.0
1235,1260,1357,1331,147,5,-76.0,734.0
1236,1262,1358,1332,147,5,-78.0,734.0
1237,1263,1359,1333,148,5,-76.0,733.0
1238,1261,1360,1334,148,5,-77.0,732.0
1239,1264,1361,1335,149,5,-77.0,732.0
1240,1265,1362,1336,149,5,-75.0,732.0
1241,1266,1363,1337,150,6,-76.0,734.0
1242,1267,1364,1338,150,6,-75.0,734.0
1243,1268,1365,1339,151,6,-77.0,733.0
1244,1269,1366,1340,151,6,-76.0,734.0
1245,1270,1367,1341,152,6,-76.0,735.0
1246,1271,1368,1342,152,6,-80.0,735.0
1247,1272,1370,1343,153,6,-74.0,735.0
1248,1273,1371,1344,153,6,-75.0,734.0
1249,1276,1372,1345,154,6,-75.0,735.0
1250,1274,1373,1346,155,6,-75.0,737.0
1251,1277,1374,1347,155,6,-75.0,736.0
1252,1275,1375,1348,156,6,-76.0,735.0
1253,1278,1376,1349,156,6,-73.0,737.0
1254,1279,1377,1350,157,6,-73.0,738.0
1255,1280,1378,1351,157,6,-72.0,739.0
1256,1283,1379,1352,158,6,-73.0,736.0
1257,1281,1380,1353,158,6,-76.0,737.0
1258,1282,1381,1354,159,6,-75.0,739.0
1259,1284,1382,1355,159,6,-75.0,740.0
1260,1286,1383,1356,160,6,-74.0,739.0
1261,1285,1384,1357,160,6,-72.0,738.0
1262,1287,1385,1358,161,6,-74.0,738.0
1263,1288,1386,1359,162,6,-76.0,739.0
1264,1289,1387,1360,162,6,-76.0,739.0
1265,1290,1388,1361,163,6,-75.0,739.0
1266,1291,1389,1362,163,6,-74.0,739.0
1267,1292,1390,1363,164,6,-75.0,740.0
1268,1293,1391,1364,164,6,-74.0,740.0
1269,1294,1392,1365,165,6,-74.0,739.0
1270,1295,1393,1366,165,6,-75.0,740.0
1271,1296,1394,1367,166,6,-74.0,743.0
1272,1297,1395,1368,167,6,-74.0,743.0
1273,1299,1396,1369,167,6,-73.0,742.0
1274,1298,1397,1370,168,6,-74.0,744.0
1275,1301,1398,1371,168,6,-75.0,746.0
1276,1300,1399,1372,169,6,-74.0,745.0
1277,1303,1400,1373,169,6,-74.0,746.0
1278,1302,1401,1374,170,6,-75.0,748.0
1279,1304,1402,1375,170,6,-73.0,749.0
1280,1305,1403,1376,171,6,-75.0,749.0
1281,1306,1404,1377,172,6,-76.0,749.0
1282,1308,1405,1378,172,6,-76.0,751.0
1283,1307,1407,1379,173,6,-77.0,751.0
1284,1311,1408,1380,173,6,-74.0,751.0
1285,1309,1409,1381,174,6,-73.0,751.0
1286,1310,1410,1382,174,6,-76.0,752.0
1287,1312,1411,1383,175,6,-73.0,752.0
1288,1313,1412,1384,176,6,-74.0,753.0
1289,1314,1413,1385,176,6,-75.0,755.0
1290,1315,1414,1386,177,6,-74.0,755.0
1291,1316,1415,1387,177,6,-74.0,755.0
1292,1317,1416,1388,178,6,-73.0,756.0
1293,1318,1426,1398,184,7,-66.0,751.0
1294,1319,1427,1399,184,7,-73.0,770.0
1295,1322,1428,1400,185,7,-73.0,770.0
1296,1321,1429,1401,185,7,-73.0,770.0
1297,1320,1430,1402,186,7,-75.0,771.0
1298,1323,1431,1403,187,7,-75.0,771.0
1299,1324,1432,1404,187,7,-75.0,774.0
1300,1325,1433,1405,188,7,-75.0,775.0
1301,1328,1434,1406,188,7,-76.0,775.0
1302,1329,1435,1407,189,7,-74.0,779.0
1303,1327,1436,1408,190,7,-75.0,779.0
1304,1326,1437,1409,190,7,-74.0,781.0
1305,1330,1438,1410,191,7,-72.0,782.0
1306,1331,1439,1411,191,7,-72.0,782.0
1307,1333,1440,1412,192,7,-78.0,784.0
1308,1332,1441,1413,193,7,-72.0,784.0
1309,1336,1442,1414,193,7,-73.0,785.0
1310,1334,1443,1415,194,7,-72.0,787.0
1311,1335,1445,1416,194,7,-72.0,791.0
1312,1337,1446,1417,195,7,-70.0,791.0
1313,1338,1447,1418,196,7,-73.0,793.0
1314,1339,1448,1419,196,7,-73.0,793.0
1315,1340,1449,1420,197,7,-71.0,793.0
1316,1343,1450,1421,197,7,-72.0,797.0
1317,1342,1451,1422,198,7,-72.0,798.0
1318,1341,1452,1423,199,7,-71.0,800.0
1319,1344,1453,1424,199,7,-72.0,803.0
1320,1345,1454,1425,200,7,-72.0,804.0
1321,1346,1455,1426,200,7,-71.0,803.0
1322,1347,1456,1427,201,7,-72.0,807.0
1323,1348,1457,1428,202,7,-72.0,808.0
1324,1349,1458,1429,202,7,-70.0,810.0
1325,1351,1459,1430,203,7,-69.0,810.0
1326,1350,1460,1431,204,7,-69.0,811.0
1327,1352,1461,1432,204,7,-71.0,813.0
1328,1353,1462,1433,205,7,-70.0,818.0
1329,1356,1463,1434,205,7,-70.0,818.0
1330,1355,1464,1435,206,7,-71.0,823.0
1331,1354,1465,1436,207,7,-72.0,825.0
1332,1357,1466,1437,207,7,-71.0,821.0
1333,1358,1467,1438,208,7,-68.0,823.0
1334,1360,1468,1439,208,7,-71.0,828.0
1335,1359,1469,1440,209,7,-70.0,828.0
1336,1361,1470,1441,210,8,-74.0,828.0
1337,1362,1471,1442,210,8,-68.0,829.0
1338,1363,1472,1443,211,8,-69.0,831.0
1339,1364,1473,1444,212,8,-69.0,833.0
1340,1365,1474,1445,212,8,-69.0,836.0
1341,1366,1475,1446,213,8,-70.0,841.0
1342,1367,1476,1447,214,8,-74.0,841.0
1343,1369,1477,1448,214,8,-69.0,841.0
1344,1368,1478,1449,215,8,-71.0,841.0
1345,1370,1479,1450,215,8,-69.0,842.0
1346,1371,1480,1451,216,8,-71.0,842.0
1347,1373,1482,1452,217,8,-74.0,845.0
1348,1372,1483,1453,217,8,-73.0,850.0
1349,1374,1484,1454,218,8,-69.0,854.0
1350,1377,1485,1455,219,8,-70.0,858.0
1351,1376,1486,1456,219,8,-69.0,859.0
1352,1375,1487,1457,220,8,-69.0,860.0
1353,1378,1488,1458,220,8,-69.0,859.0
1354,1379,1489,1459,221,8,-71.0,861.0
1355,1380,1490,1460,222,8,-70.0,865.0
1356,1382,1491,1461,222,8,-69.0,870.0
1357,1381,1492,1462,223,8,-68.0,871.0
1358,1383,1493,1463,224,8,-68.0,871.0
1359,1384,1494,1464,224,8,-71.0,871.0
1360,1385,1495,1465,225,8,-68.0,870.0
1361,1386,1496,1466,226,8,-67.0,873.0
1362,1387,1497,1467,226,8,-69.0,877.0
1363,1388,1498,1468,227,8,-70.0,879.0
1364,1389,1499,1469,228,8,-72.0,881.0
1365,1391,1500,1470,228,8,-70.0,879.0
1366,1392,1501,1471,229,8,-71.0,880.0
1367,1390,1502,1472,229,8,-68.0,879.0
1368,1393,1503,1473,230,8,-67.0,881.0
1369,1394,1504,1474,231,8,-68.0,889.0
1370,1396,1505,1475,231,8,-72.0,890.0
1371,1395,1506,1476,232,8,-69.0,888.0
1372,1397,1507,1477,233,8,-72.0,888.0
1373,1399,1508,1478,233,8,-68.0,887.0
1374,1398,1509,1479,234,8,-66.0,890.0
1375,1400,1510,1480,235,8,-68.0,893.0
1376,1401,1511,1481,235,8,-70.0,893.0
1377,1403,1512,1482,236,8,-68.0,893.0
1378,1402,1513,1483,237,8,-68.0,892.0
1379,1404,1514,1484,237,8,-68.0,895.0
1380,1405,1515,1485,238,8,-71.0,899.0
1381,1406,1516,1486,239,8,-71.0,901.0
1382,1407,1517,1487,239,8,-68.0,901.0
1383,1408,1518,1488,240,9,-69.0,902.0
1384,1410,1520,1489,240,9,-68.0,903.0
1385,1411,1521,1490,241,9,-66.0,904.0
1386,1409,1522,1491,242,9,-69.0,906.0
1387,1412,1523,1492,242,9,-68.0,910.0
1388,1413,1524,1493,243,9,-70.0,905.0
1389,1414,1525,1494,244,9,-70.0,904.0
1390,1416,1526,1495,244,9,-71.0,903.0
1391,1415,1527,1496,245,9,-72.0,906.0
1392,1417,1528,1497,246,9,-68.0,909.0
1393,1418,1529,1498,246,9,-68.0,907.0
1394,1419,1530,1499,247,9,-69.0,903.0
1395,1420,1531,1500,248,9,-70.0,903.0
1396,1421,1532,1501,248,9,-69.0,903.0
1397,1422,1533,1502,249,9,-69.0,907.0
1398,1424,1534,1503,250,9,-70.0,909.0
1399,1423,1535,1504,250,9,-69.0,910.0
1400,1425,1536,1505,251,9,-69.0,906.0
1401,1426,1537,1506,252,9,-71.0,907.0
1402,1427,1538,1507,252,9,-70.0,907.0
1403,1428,1539,1508,253,9,-70.0,907.0
1404,1430,1540,1509,254,9,-70.0,910.0
1405,1431,1541,1510,254,9,-70.0,908.0
1406,1429,1542,1511,255,9,-77.0,908.0
1407,1432,1543,1512,255,9,-78.0,906.0
1408,1433,1544,1513,256,9,-74.0,907.0
1409,1434,1545,1514,257,9,-73.0,906.0
1410,1435,1546,1515,257,9,-76.0,906.0
1411,1436,1547,1516,258,9,-71.0,909.0
1412,1437,1548,1517,259,9,-76.0,911.0
1413,1438,1549,1518,259,9,-78.0,909.0
1414,1440,1550,1519,260,9,-72.0,906.0
1415,1439,1551,1520,261,9,-73.0,905.0
1416,1441,1552,1521,261,9,-71.0,905.0
1417,1442,1553,1522,262,9,-71.0,905.0
1418,1443,1554,1523,263,9,-77.0,905.0
1419,1444,1555,1524,263,9,-76.0,904.0
1420,1445,1557,1525,264,9,-74.0,902.0
1421,1446,1558,1526,265,9,-72.0,900.0
1422,1449,1559,1527,265,9,-71.0,900.0
1423,1450,1560,1528,266,9,-72.0,898.0
1424,1451,1561,1529,267,9,-73.0,900.0
1425,1452,1562,1530,267,9,-71.0,899.0
1426,1447,1563,1531,268,9,-76.0,900.0
1427,1448,1564,1532,268,9,-72.0,900.0
1428,1453,1565,1533,269,9,-72.0,896.0
1429,1454,1566,1534,270,10,-73.0,898.0
1430,1455,1567,1535,270,10,-73.0,900.0
1431,1456,1568,1536,271,10,-71.0,901.0
1432,1458,1569,1537,272,10,-74.0,900.0
1433,1457,1570,1538,272,10,-73.0,898.0
1434,1459,1571,1539,273,10,-74.0,896.0
1435,1460,1572,1540,274,10,-72.0,896.0
1436,1461,1573,1541,274,10,-76.0,895.0
1437,1462,1574,1542,275,10,-73.0,895.0
1438,1464,1575,1543,276,10,-74.0,896.0
1439,1463,1576,1544,276,10,-71.0,894.0
1440,1465,1577,1545,277,10,-73.0,891.0
1441,1467,1578,1546,277,10,-73.0,889.0
1442,1466,1579,1547,278,10,-75.0,887.0
1443,1468,1580,1548,279,10,-76.0,887.0
1444,1469,1581,1549,279,10,-76.0,887.0
1445,1472,1582,1550,280,10,-71.0,888.0
1446,1471,1583,1551,281,10,-71.0,886.0
1447,1470,1584,1552,281,10,-74.0,886.0
1448,1474,1585,1553,282,10,-77.0,884.0
1449,1473,1586,1554,283,10,-70.0,882.0
1450,1477,1587,1555,283,10,-71.0,883.0
1451,1478,1588,1556,284,10,-72.0,883.0
1452,1475,1589,1557,284,10,-70.0,883.0
1453,1476,1590,1558,285,10,-72.0,880.0
1454,1484,1591,1559,286,10,-76.0,879.0
1455,1482,1592,1560,286,10,-76.0,877.0
1456,1485,1594,1561,287,10,-77.0,877.0
1457,1479,1595,1562,288,10,-73.0,877.0
1458,1483,1596,1563,288,10,-75.0,879.0
1459,1481,1597,1564,289,10,-70.0,877.0
1460,1480,1598,1565,290,10,-72.0,874.0
1461,1487,1599,1566,290,10,-76.0,876.0
1462,1486,1600,1567,291,10,-70.0,872.0
1463,1488,1601,1568,291,10,-71.0,876.0
1464,1492,1602,1569,292,10,-70.0,873.0
1465,1491,1603,1570,293,10,-71.0,873.0
1466,1490,1604,1571,293,10,-70.0,873.0
1467,1489,1605,1572,294,10,-81.0,869.0
1468,1493,1606,1573,295,10,-74.0,872.0
1469,1495,1607,1574,295,10,-72.0,868.0
1470,1494,1608,1575,296,10,-73.0,871.0
1471,1496,1609,1576,296,10,-72.0,869.0
1472,1498,1610,1577,297,10,-72.0,866.0
1473,1499,1611,1578,298,10,-74.0,868.0
1474,1500,1612,1579,298,10,-73.0,862.0
1475,1497,1613,1580,299,10,-72.0,867.0
1476,1501,1614,1581,299,10,-72.0,862.0
1477,1503,1615,1582,300,11,-74.0,862.0
1478,1502,1616,1583,301,11,-75.0,862.0
1479,1505,1617,1584,301,11,-77.0,860.0
1480,1506,1618,1585,302,11,-76.0,864.0
1481,1504,1619,1586,303,11,-72.0,858.0
1482,1508,1620,1587,303,11,-73.0,860.0
1483,1507,1621,1588,304,11,-72.0,858.0
1484,1510,1622,1589,304,11,-72.0,857.0
1485,1509,1623,1590,305,11,-76.0,860.0
1486,1512,1624,1591,306,11,-73.0,852.0
1487,1511,1625,1592,306,11,-71.0,857.0
1488,1513,1626,1593,307,11,-72.0,852.0
1489,1514,1627,1594,307,11,-74.0,855.0
1490,1515,1628,1595,308,11,-71.0,855.0
1491,1516,1629,1596,309,11,-74.0,850.0
1492,1517,1630,1597,309,11,-73.0,855.0
1493,1519,1632,1598,310,11,-70.0,849.0
1494,1518,1633,1599,310,11,-72.0,853.0
1495,1520,1634,1600,311,11,-71.0,850.0
1496,1522,1635,1601,312,11,-71.0,853.0
1497,1521,1636,1602,312,11,-77.0,852.0
1498,1523,1637,1603,313,11,-76.0,847.0
1499,1524,1638,1604,313,11,-77.0,850.0
1500,1526,1639,1605,314,11,-73.0,846.0
1501,1525,1640,1606,315,11,-75.0,850.0
1502,1528,1641,1607,315,11,-77.0,846.0
1503,1527,1642,1608,316,11,-72.0,847.0
1504,1529,1643,1609,316,11,-71.0,847.0
1505,1534,1647,1613,319,11,-72.0,846.0
1506,1533,1648,1614,319,11,-73.0,837.0
1507,1536,1649,1615,320,11,-73.0,842.0
1508,1535,1650,1616,320,11,-73.0,848.0
1509,1537,1651,1617,321,11,-72.0,840.0
1510,1540,1652,1618,322,11,-71.0,845.0
1511,1538,1653,1619,322,11,-73.0,841.0
1512,1539,1654,1620,323,11,-70.0,844.0
1513,1541,1655,1621,323,11,-73.0,842.0
1514,1542,1656,1622,324,11,-71.0,841.0
1515,1544,1657,1623,324,11,-71.0,840.0
1516,1543,1658,1624,325,11,-72.0,837.0
1517,1546,1659,1625,326,11,-71.0,839.0
1518,1545,1660,1626,326,11,-71.0,839.0
1519,1547,1661,1627,327,11,-72.0,838.0
1520,1549,1662,1628,327,11,-71.0,839.0
1521,1548,1663,1629,328,11,-74.0,837.0
1522,1551,1664,1630,328,11,-77.0,838.0
1523,1550,1665,1631,329,11,-77.0,837.0
1524,1552,1666,1632,330,12,-72.0,836.0
1525,1554,1667,1633,330,12,-75.0,834.0
1526,1553,1669,1634,331,12,-72.0,834.0
1527,1555,1670,1635,331,12,-73.0,833.0
1528,1556,1671,1636,332,12,-72.0,834.0
1529,1557,1672,1637,332,12,-73.0,833.0
1530,1559,1673,1638,333,12,-73.0,833.0
1531,1558,1674,1639,334,12,-71.0,832.0
1532,1561,1675,1640,334,12,-72.0,832.0
1533,1560,1676,1641,335,12,-72.0,831.0
1534,1564,1677,1642,335,12,-72.0,829.0
1535,1563,1678,1643,336,12,-74.0,832.0
1536,1562,1679,1644,336,12,-74.0,832.0
1537,1567,1680,1645,337,12,-74.0,832.0
1538,1565,1681,1646,337,12,-74.0,831.0
1539,1566,1682,1647,338,12,-73.0,831.0
1540,1568,1683,1648,339,12,-73.0,830.0
1541,1569,1684,1649,339,12,-74.0,830.0
1542,1570,1685,1650,340,12,-75.0,833.0
1543,1571,1686,1651,340,12,-77.0,833.0
1544,1572,1687,1652,341,12,-76.0,834.0
1545,1573,1688,1653,341,12,-75.0,833.0
1546,1575,1689,1654,342,12,-75.0,829.0
1547,1574,1690,1655,342,12,-76.0,831.0
1548,1576,1691,1656,343,12,-75.0,832.0
1549,1578,1692,1657,343,12,-75.0,836.0
1550,1577,1693,1658,344,12,-77.0,835.0
1551,1579,1694,1659,345,12,-77.0,832.0
1552,1581,1695,1660,345,12,-74.0,832.0
1553,1580,1696,1661,346,12,-75.0,831.0
1554,1583,1697,1662,346,12,-75.0,831.0
1555,1584,1698,1663,347,12,-74.0,832.0
1556,1586,1699,1664,347,12,-74.0,832.0
1557,1585,1700,1665,348,12,-76.0,833.0
1558,1582,1701,1666,348,12,-76.0,834.0
1559,1588,1702,1667,349,12,-76.0,833.0
1560,1587,1703,1668,349,12,-77.0,831.0
1561,1589,1704,1669,350,12,-74.0,833.0
1562,1590,1706,1670,350,12,-76.0,834.0
1563,1591,1707,1671,351,12,-76.0,832.0
1564,1592,1708,1672,351,12,-74.0,833.0
1565,1594,1709,1673,352,12,-75.0,836.0
1566,1593,1710,1674,352,12,-75.0,835.0
1567,1595,1711,1675,353,12,-75.0,835.0
1568,1596,1712,1676,354,12,-76.0,837.0
1569,1597,1713,1677,354,12,-74.0,835.0
1570,1598,1714,1678,355,12,-74.0,836.0
1571,1599,1715,1679,355,12,-75.0,836.0
1572,1601,1716,1680,356,12,-74.0,835.0
1573,1602,1717,1681,356,12,-74.0,837.0
1574,1603,1718,1682,357,12,-76.0,839.0
1575,1600,1719,1683,357,12,-75.0,837.0
1576,1604,1720,1684,358,12,-75.0,837.0
1577,1605,1721,1685,358,12,-77.0,838.0
1578,1607,1722,1686,359,12,-75.0,838.0
1579,1608,1723,1687,359,12,-75.0,838.0
1580,1606,1724,1688,0,1,-76.0,840.0
1581,1610,1725,1689,0,1,-75.0,840.0
1582,1609,1726,1690,1,1,-76.0,840.0
1583,1614,1728,1692,2,1,-62.0,820.0
1584,1612,1729,1693,2,1,-76.0,840.0
1585,1613,1730,1694,3,1,-76.0,840.0
1586,1611,1731,1695,3,1,-77.0,840.0
1587,1615,1732,1696,4,1,-75.0,841.0
1588,1616,1733,1697,4,1,-77.0,841.0
1589,1618,1734,1698,5,1,-77.0,842.0
1590,1617,1735,1699,5,1,-76.0,843.0
1591,1619,1736,1700,6,1,-76.0,842.0
1592,1620,1737,1701,6,1,-76.0,841.0
1593,1621,1738,1702,7,1,-75.0,842.0
1594,1622,1739,1703,7,1,-76.0,843.0
1595,1625,1740,1704,8,1,-77.0,844.0
1596,1623,1741,1705,8,1,-76.0,845.0
1597,1624,1742,1706,9,1,-77.0,845.0
1598,1627,1744,1707,9,1,-77.0,846.0
1599,1626,1745,1708,10,1,-76.0,846.0
1600,1628,1746,1709,10,1,-76.0,847.0
1601,1629,1747,1710,11,1,-76.0,848.0
1602,1631,1748,1711,11,1,-75.0,848.0
1603,1630,1749,1712,12,1,-77.0,849.0
1604,1635,1750,1713,12,1,-75.0,850.0
1605,1633,1751,1714,13,1,-77.0,849.0
1606,1634,1752,1715,13,1,-77.0,851.0
1607,1632,1753,1716,14,1,-76.0,850.0
1608,1636,1754,1717,14,1,-76.0,851.0
1609,1637,1755,1718,15,1,-77.0,852.0
1610,1639,1756,1719,15,1,-77.0,853.0
1611,1638,1757,1720,16,1,-76.0,853.0
1612,1641,1758,1721,16,1,-76.0,852.0
1613,1640,1759,1722,17,1,-77.0,854.0
1614,1642,1760,1723,17,1,-76.0,854.0
1615,1643,1761,1724,18,1,-77.0,856.0
1616,1644,1762,1725,18,1,-79.0,857.0
1617,1645,1763,1726,19,1,-76.0,855.0
1618,1647,1764,1727,19,1,-75.0,855.0
1619,1648,1765,1728,20,1,-76.0,855.0
1620,1646,1766,1729,20,1,-76.0,858.0
1621,1650,1767,1730,21,1,-77.0,858.0
1622,1649,1768,1731,21,1,-78.0,857.0
1623,1651,1769,1732,22,1,-78.0,858.0
1624,1652,1770,1733,22,1,-77.0,859.0
1625,1655,1771,1734,23,1,-78.0,859.0
1626,1653,1772,1735,23,1,-78.0,861.0
1627,1654,1773,1736,23,1,-77.0,860.0
1628,1656,1774,1737,24,1,-78.0,861.0
1629,1657,1775,1738,24,1,-78.0,861.0
1630,1658,1776,1739,25,1,-77.0,861.0
1631,1662,1777,1740,25,1,-78.0,861.0
1632,1659,1778,1741,26,1,-78.0,863.0
1633,1661,1779,1742,26,1,-77.0,865.0
1634,1660,1781,1743,27,1,-78.0,863.0
1635,1663,1782,1744,27,1,-78.0,863.0
1636,1664,1783,1745,28,1,-78.0,865.0
1637,1665,1784,1746,28,1,-76.0,866.0
1638,1666,1785,1747,29,1,-79.0,866.0
1639,1668,1786,1748,29,1,-79.0,867.0
1640,1667,1787,1749,30,2,-76.0,867.0
1641,1669,1788,1750,30,2,-77.0,867.0
1642,1670,1789,1751,31,2,-78.0,867.0
1643,1671,1790,1752,31,2,-80.0,867.0
1644,1672,1791,1753,32,2,-76.0,868.0
1645,1673,1792,1754,32,2,-78.0,870.0
1646,1674,1793,1755,32,2,-77.0,870.0
1647,1675,1794,1756,33,2,-78.0,871.0
1648,1676,1795,1757,33,2,-78.0,871.0
1649,1677,1796,1758,34,2,-78.0,871.0
1650,1678,1797,1759,34,2,-77.0,871.0
1651,1679,1798,1760,35,2,-78.0,872.0
1652,1684,1799,1761,35,2,-77.0,872.0
1653,1687,1800,1762,36,2,-77.0,872.0
1654,1680,1801,1763,36,2,-78.0,873.0
1655,1682,1802,1764,37,2,-79.0,872.0
1656,1690,1803,1765,37,2,-77.0,873.0
1657,1688,1804,1766,38,2,-79.0,873.0
1658,1691,1805,1767,38,2,-77.0,874.0
1659,1683,1806,1768,39,2,-78.0,875.0
1660,1689,1807,1769,39,2,-76.0,875.0
1661,1686,1808,1770,39,2,-79.0,875.0
1662,1692,1809,1771,40,2,-79.0,876.0
1663,1681,1810,1772,40,2,-78.0,876.0
1664,1685,1811,1773,41,2,-78.0,876.0
1665,1693,1812,1774,41,2,-79.0,877.0
1666,1694,1813,1775,42,2,-80.0,877.0
1667,1696,1814,1776,42,2,-79.0,877.0
1668,1695,1815,1777,43,2,-79.0,877.0
1669,1697,1816,1778,43,2,-81.0,877.0
1670,1698,1817,1779,44,2,-78.0,878.0
1671,1699,1819,1780,44,2,-77.0,879.0
1672,1700,1820,1781,45,2,-78.0,879.0
1673,1701,1821,1782,45,2,-78.0,878.0
1674,1703,1822,1783,45,2,-79.0,879.0
1675,1702,1823,1784,46,2,-80.0,883.0
1676,1704,1824,1785,46,2,-77.0,881.0
1677,1705,1826,1787,47,2,-79.0,881.0
1678,1706,1827,1788,48,2,-79.0,881.0
1679,1708,1828,1789,48,2,-79.0,881.0
1680,1707,1829,1790,49,2,-81.0,882.0
1681,1709,1830,1791,49,2,-79.0,882.0
1682,1710,1831,1792,50,2,-80.0,883.0
1683,1711,1832,1793,50,2,-80.0,883.0
1684,1712,1833,1794,50,2,-80.0,883.0
1685,1714,1834,1795,51,2,-81.0,882.0
1686,1715,1835,1796,51,2,-80.0,883.0
1687,1713,1836,1797,52,2,-79.0,884.0
1688,1716,1837,1798,52,2,-79.0,883.0
1689,1717,1838,1799,53,2,-78.0,883.0
1690,1718,1839,1800,53,2,-80.0,883.0
1691,1719,1840,1801,54,2,-80.0,882.0
1692,1722,1841,1802,54,2,-79.0,882.0
1693,1723,1842,1803,55,2,-78.0,882.0
1694,1720,1843,1804,55,2,-78.0,883.0
1695,1721,1844,1805,55,2,-78.0,883.0
1696,1724,1845,1806,56,2,-80.0,884.0
1697,1725,1846,1807,56,2,-78.0,884.0
1698,1726,1847,1808,57,2,-79.0,884.0
1699,1728,1848,1809,57,2,-80.0,884.0
1700,1729,1849,1810,58,2,-78.0,883.0
1701,1727,1850,1811,58,2,-79.0,882.0
1702,1730,1851,1812,59,2,-79.0,882.0
1703,1731,1852,1813,59,2,-80.0,881.0
1704,1732,1853,1814,59,2,-80.0,881.0
1705,1733,1854,1815,60,3,-81.0,881.0
1706,1734,1856,1816,60,3,-82.0,882.0
1707,1735,1857,1817,61,3,-80.0,882.0
1708,1736,1858,1818,61,3,-81.0,881.0
1709,1737,1859,1819,62,3,-82.0,880.0
1710,1738,1860,1820,62,3,-79.0,881.0
1711,1740,1861,1821,63,3,-81.0,882.0
1712,1739,1862,1822,63,3,-78.0,881.0
1713,1743,1863,1823,64,3,-80.0,879.0
1714,1742,1864,1824,64,3,-80.0,879.0
1715,1741,1865,1825,64,3,-80.0,878.0
1716,1744,1866,1826,65,3,-80.0,878.0
1717,1745,1867,1827,65,3,-80.0,879.0
1718,1746,1868,1828,66,3,-80.0,878.0
1719,1749,1869,1829,66,3,-78.0,877.0
1720,1748,1870,1830,67,3,-80.0,877.0
1721,1747,1871,1831,67,3,-80.0,876.0
1722,1750,1872,1832,68,3,-84.0,875.0
1723,1751,1873,1833,68,3,-81.0,875.0
1724,1752,1874,1834,68,3,-80.0,875.0
1725,1753,1875,1835,69,3,-80.0,873.0
1726,1755,1876,1836,69,3,-81.0,873.0
1727,1756,1877,1837,70,3,-81.0,872.0
1728,1754,1878,1838,70,3,-79.0,872.0
1729,1757,1879,1839,71,3,-80.0,872.0
1730,1758,1880,1840,71,3,-77.0,871.0
1731,1759,1881,1841,72,3,-77.0,870.0
1732,1761,1882,1842,72,3,-79.0,869.0
1733,1760,1883,1843,72,3,-80.0,869.0
1734,1762,1884,1844,73,3,-81.0,869.0
1735,1763,1885,1845,73,3,-80.0,868.0
1736,1765,1886,1846,74,3,-80.0,868.0
1737,1764,1887,1847,74,3,-80.0,866.0
1738,1766,1888,1848,75,3,-80.0,865.0
1739,1770,1889,1849,75,3,-80.0,864.0
1740,1768,1890,1850,76,3,-80.0,864.0
1741,1767,1891,1851,76,3,-87.0,864.0
1742,1769,1893,1852,77,3,-80.0,863.0
1743,1771,1894,1853,77,3,-80.0,862.0
1744,1772,1895,1854,77,3,-80.0,861.0
1745,1773,1896,1855,78,3,-78.0,861.0
1746,1774,1897,1856,78,3,-80.0,859.0
1747,1776,1898,1857,79,3,-80.0,858.0
1748,1775,1899,1858,79,3,-81.0,857.0
1749,1779,1900,1859,80,3,-79.0,857.0
1750,1778,1901,1860,80,3,-80.0,857.0
1751,1780,1902,1861,81,3,-79.0,855.0
1752,1777,1903,1862,81,3,-81.0,854.0
1753,1781,1904,1863,81,3,-80.0,853.0
1754,1782,1905,1864,82,3,-82.0,852.0
1755,1783,1906,1865,82,3,-80.0,852.0
1756,1785,1907,1866,83,3,-80.0,850.0
1757,1784,1908,1867,83,3,-78.0,848.0
1758,1786,1909,1868,84,3,-80.0,848.0
1759,1787,1910,1869,84,3,-81.0,846.0
1760,1788,1911,1870,85,3,-81.0,845.0
1761,1789,1912,1871,85,3,-80.0,844.0
1762,1791,1913,1872,86,3,-79.0,843.0
1763,1790,1914,1873,86,3,-79.0,842.0
1764,1792,1915,1874,86,3,-80.0,840.0
1765,1793,1916,1875,87,3,-79.0,839.0
1766,1794,1917,1876,87,3,-79.0,838.0
1767,1797,1918,1877,88,3,-79.0,837.0
1768,1795,1919,1878,88,3,-79.0,835.0
1769,1796,1920,1879,89,3,-79.0,834.0
1770,1798,1921,1880,89,3,-79.0,833.0
1771,1803,1922,1881,90,4,-79.0,832.0
1772,1801,1923,1882,90,4,-78.0,831.0
1773,1800,1924,1883,91,4,-78.0,830.0
1774,1799,1925,1884,91,4,-79.0,829.0
1775,1804,1926,1885,91,4,-79.0,827.0
1776,1805,1927,1886,92,4,-79.0,826.0
1777,1802,1928,1887,92,4,-79.0,824.0
1778,1807,1929,1888,93,4,-79.0,823.0
1779,1806,1931,1889,93,4,-80.0,822.0
1780,1808,1932,1890,94,4,-79.0,821.0
1781,1810,1933,1891,94,4,-80.0,819.0
1782,1809,1934,1892,95,4,-81.0,817.0
1783,1812,1935,1893,95,4,-79.0,816.0
1784,1811,1936,1894,96,4,-79.0,815.0
1785,1814,1937,1895,96,4,-78.0,814.0
1786,1813,1938,1896,96,4,-79.0,812.0
1787,1817,1939,1897,97,4,-80.0,811.0
1788,1816,1940,1898,97,4,-81.0,810.0
1789,1815,1941,1899,98,4,-81.0,808.0
1790,1818,1942,1900,98,4,-81.0,807.0
1791,1819,1943,1901,99,4,-81.0,806.0
1792,1820,1944,1902,99,4,-79.0,804.0
1793,1821,1945,1903,100,4,-78.0,803.0
1794,1822,1946,1904,100,4,-79.0,801.0
1795,1823,1947,1905,101,4,-80.0,800.0
1796,1824,1948,1906,101,4,-79.0,799.0
1797,1825,1949,1907,101,4,-79.0,798.0
1798,1826,1950,1908,102,4,-79.0,796.0
1799,1827,1951,1909,102,4,-80.0,795.0
1800,1828,1952,1910,103,4,-80.0,794.0
1801,1833,1953,1911,103,4,-79.0,792.0
1802,1832,1954,1912,104,4,-80.0,791.0
1803,1830,1955,1913,104,4,-79.0,791.0
1804,1834,1956,1914,105,4,-78.0,790.0
1805,1835,1957,1915,105,4,-78.0,788.0
1806,1829,1958,1916,106,4,-79.0,787.0
1807,1831,1959,1917,106,4,-80.0,786.0
1808,1839,1960,1918,107,4,-77.0,784.0
1809,1836,1961,1919,107,4,-77.0,783.0
1810,1837,1962,1920,108,4,-77.0,782.0
1811,1838,1963,1921,108,4,-78.0,781.0
1812,1840,1964,1922,108,4,-79.0,780.0
1813,1842,1965,1923,109,4,-77.0,778.0
1814,1841,1966,1924,109,4,-78.0,777.0
1815,1844,1968,1925,110,4,-79.0,777.0
1816,1843,1969,1926,110,4,-80.0,775.0
1817,1845,1970,1927,111,4,-79.0,774.0
1818,1847,1971,1928,111,4,-78.0,773.0
1819,1846,1972,1929,112,4,-79.0,771.0
1820,1848,1973,1930,112,4,-79.0,770.0
1821,1849,1974,1931,113,4,-79.0,770.0
1822,1850,1975,1932,113,4,-79.0,768.0
1823,1852,1976,1933,114,4,-78.0,767.0
1824,1851,1977,1934,114,4,-79.0,766.0
1825,1853,1978,1935,115,4,-80.0,765.0
1826,1855,1979,1936,115,4,-79.0,764.0
1827,1854,1980,1937,116,4,-80.0,763.0
1828,1859,1981,1938,116,4,-78.0,762.0
1829,1857,1982,1939,116,4,-78.0,760.0
1830,1858,1983,1940,117,4,-77.0,759.0
1831,1856,1984,1941,117,4,-77.0,758.0
1832,1860,1985,1942,118,4,-78.0,757.0
1833,1863,1986,1943,118,4,-78.0,756.0
1834,1861,1987,1944,119,4,-80.0,755.0
1835,1862,1988,1945,119,4,-78.0,754.0
1836,1864,1989,1946,120,5,-79.0,753.0
1837,1865,1990,1947,120,5,-78.0,751.0
1838,1866,1991,1948,121,5,-78.0,752.0
1839,1867,1992,1949,121,5,-78.0,751.0
1840,1868,1993,1950,122,5,-79.0,750.0
1841,1869,1994,1951,122,5,-77.0,749.0
1842,1871,1995,1952,123,5,-80.0,748.0
1843,1870,1996,1953,123,5,-78.0,747.0
1844,1872,1997,1954,124,5,-77.0,745.0
1845,1873,1998,1955,124,5,-77.0,745.0
1846,1879,1999,1956,125,5,-79.0,744.0
1847,1875,2000,1957,125,5,-77.0,742.0
1848,1874,2001,1958,126,5,-77.0,741.0
1849,1878,2002,1959,126,5,-78.0,740.0
1850,1876,2003,1960,127,5,-78.0,740.0
1851,1877,2005,1961,127,5,-77.0,740.0
1852,1880,2006,1962,128,5,-78.0,738.0
1853,1881,2007,1963,128,5,-77.0,737.0
1854,1882,2008,1964,129,5,-76.0,736.0
1855,1883,2009,1965,129,5,-76.0,735.0
1856,1884,2010,1966,130,5,-77.0,735.0
1857,1885,2011,1967,130,5,-76.0,734.0
1858,1886,2012,1968,131,5,-76.0,732.0
1859,1887,2013,1969,131,5,-76.0,732.0
1860,1888,2014,1970,132,5,-77.0,731.0
1861,1890,2015,1971,132,5,-78.0,731.0
1862,1891,2016,1972,133,5,-78.0,730.0
1863,1889,2017,1973,133,5,-78.0,730.0
1864,1892,2018,1974,134,5,-77.0,729.0
1865,1894,2019,1975,134,5,-76.0,729.0
1866,1893,2020,1976,135,5,-77.0,728.0
1867,1895,2021,1977,135,5,-77.0,727.0
